runtime,accuracy,balanced_accuracy,mcc,light-1-precision,light-1-recall,light-1-f1-score,light-1-support,light-1-accuracy,light-2-precision,light-2-recall,light-2-f1-score,light-2-support,light-2-accuracy,light-3-precision,light-3-recall,light-3-f1-score,light-3-support,light-3-accuracy,light-4-precision,light-4-recall,light-4-f1-score,light-4-support,light-4-accuracy,light-5-precision,light-5-recall,light-5-f1-score,light-5-support,light-5-accuracy,light-6-precision,light-6-recall,light-6-f1-score,light-6-support,light-6-accuracy,light-7-precision,light-7-recall,light-7-f1-score,light-7-support,light-7-accuracy,light-8-precision,light-8-recall,light-8-f1-score,light-8-support,light-8-accuracy,macro avg-precision,macro avg-recall,macro avg-f1-score,macro avg-support,weighted avg-precision,weighted avg-recall,weighted avg-f1-score,weighted avg-support
496.30751037597656,0.8371299455870147,0.7558368534614628,0.7611801708872645,0.7980797206866453,0.8390945243193637,0.8180733671339099,3269.0,0.7980797206866453,0.8264139590854392,0.8382667073542874,0.8322981366459627,3277.0,0.8264139590854392,0.8805736636245111,0.84425,0.8620293554562858,4000.0,0.8805736636245111,0.8409090909090909,0.6271186440677966,0.7184466019417475,59.0,0.8409090909090909,0.7037037037037037,0.6551724137931034,0.6785714285714286,58.0,0.7037037037037037,0.896551724137931,0.8524590163934426,0.8739495798319327,61.0,0.896551724137931,0.96,0.7868852459016393,0.8648648648648649,61.0,0.96,0.8536585365853658,0.603448275862069,0.7070707070707071,58.0,0.8536585365853658,0.8449862998415859,0.7558368534614628,0.7944130051896049,10843.0,0.8385655359972783,0.8371299455870147,0.8372833650542308,10843.0
