runtime,accuracy,balanced_accuracy,mcc,light-1-precision,light-1-recall,light-1-f1-score,light-1-support,light-1-accuracy,light-2-precision,light-2-recall,light-2-f1-score,light-2-support,light-2-accuracy,light-3-precision,light-3-recall,light-3-f1-score,light-3-support,light-3-accuracy,light-4-precision,light-4-recall,light-4-f1-score,light-4-support,light-4-accuracy,light-5-precision,light-5-recall,light-5-f1-score,light-5-support,light-5-accuracy,light-6-precision,light-6-recall,light-6-f1-score,light-6-support,light-6-accuracy,light-7-precision,light-7-recall,light-7-f1-score,light-7-support,light-7-accuracy,light-8-precision,light-8-recall,light-8-f1-score,light-8-support,light-8-accuracy,macro avg-precision,macro avg-recall,macro avg-f1-score,macro avg-support,weighted avg-precision,weighted avg-recall,weighted avg-f1-score,weighted avg-support
180.83390259742737,0.6153278612930001,0.5294114943241026,0.435290507070844,0.599806514027733,0.5689813398592842,0.5839874411302983,3269.0,0.599806514027733,0.5457933972310969,0.6255721696673787,0.5829660173467938,3277.0,0.5457933972310969,0.6917591125198098,0.65475,0.6727459542769073,4000.0,0.6917591125198098,0.5,0.1864406779661017,0.271604938271605,59.0,0.5,0.4523809523809524,0.3275862068965517,0.37999999999999995,58.0,0.4523809523809524,0.9166666666666666,0.7213114754098361,0.8073394495412843,61.0,0.9166666666666666,0.9387755102040817,0.7540983606557377,0.8363636363636363,61.0,0.9387755102040817,0.5897435897435898,0.39655172413793105,0.4742268041237114,58.0,0.5897435897435898,0.6543657178467412,0.5294114943241026,0.5761542801317796,10843.0,0.6197080239227651,0.6153278612930001,0.6157202006128762,10843.0
