runtime,accuracy,balanced_accuracy,mcc,light-1-precision,light-1-recall,light-1-f1-score,light-1-support,light-1-accuracy,light-2-precision,light-2-recall,light-2-f1-score,light-2-support,light-2-accuracy,light-3-precision,light-3-recall,light-3-f1-score,light-3-support,light-3-accuracy,light-4-precision,light-4-recall,light-4-f1-score,light-4-support,light-4-accuracy,light-5-precision,light-5-recall,light-5-f1-score,light-5-support,light-5-accuracy,light-6-precision,light-6-recall,light-6-f1-score,light-6-support,light-6-accuracy,light-7-precision,light-7-recall,light-7-f1-score,light-7-support,light-7-accuracy,light-8-precision,light-8-recall,light-8-f1-score,light-8-support,light-8-accuracy,macro avg-precision,macro avg-recall,macro avg-f1-score,macro avg-support,weighted avg-precision,weighted avg-recall,weighted avg-f1-score,weighted avg-support
230.63237953186035,0.603707461034769,0.555022045811143,0.41710639583656633,0.5543093270365997,0.5744876108901805,0.5642181162685895,3269.0,0.5543093270365997,0.5503597122302158,0.5602685382972231,0.5552699228791774,3277.0,0.5503597122302158,0.6844125927821858,0.6685,0.6763627165802453,4000.0,0.6844125927821858,0.5666666666666667,0.288135593220339,0.38202247191011235,59.0,0.5666666666666667,0.6363636363636364,0.3620689655172414,0.4615384615384615,58.0,0.6363636363636364,0.85,0.8360655737704918,0.8429752066115703,61.0,0.85,0.8518518518518519,0.7540983606557377,0.7999999999999999,61.0,0.8518518518518519,0.6571428571428571,0.39655172413793105,0.4946236559139785,58.0,0.6571428571428571,0.6688883305092517,0.555022045811143,0.5971263189627668,10843.0,0.6055045661818204,0.603707461034769,0.6038658712474693,10843.0
