runtime,accuracy,balanced_accuracy,mcc,light-1-precision,light-1-recall,light-1-f1-score,light-1-support,light-1-accuracy,light-2-precision,light-2-recall,light-2-f1-score,light-2-support,light-2-accuracy,light-3-precision,light-3-recall,light-3-f1-score,light-3-support,light-3-accuracy,light-4-precision,light-4-recall,light-4-f1-score,light-4-support,light-4-accuracy,light-5-precision,light-5-recall,light-5-f1-score,light-5-support,light-5-accuracy,light-6-precision,light-6-recall,light-6-f1-score,light-6-support,light-6-accuracy,light-7-precision,light-7-recall,light-7-f1-score,light-7-support,light-7-accuracy,light-8-precision,light-8-recall,light-8-f1-score,light-8-support,light-8-accuracy,macro avg-precision,macro avg-recall,macro avg-f1-score,macro avg-support,weighted avg-precision,weighted avg-recall,weighted avg-f1-score,weighted avg-support
348.6965744495392,0.9180116204002582,0.8276976729505798,0.8796778981713206,0.9115314215985357,0.9140409911287856,0.9127844814418818,3269.0,0.9115314215985357,0.9436664544875876,0.9047909673481843,0.9238199096432467,3277.0,0.9436664544875876,0.9102099927588704,0.94275,0.9261942772933807,4000.0,0.9102099927588704,0.75,0.6610169491525424,0.7027027027027027,59.0,0.75,0.75,0.7241379310344828,0.736842105263158,58.0,0.75,0.9322033898305084,0.9016393442622951,0.9166666666666666,61.0,0.9322033898305084,0.875,0.9180327868852459,0.8959999999999999,61.0,0.875,0.7755102040816326,0.6551724137931034,0.7102803738317757,58.0,0.7755102040816326,0.8560151828446418,0.8276976729505798,0.8406613146053515,10843.0,0.9181960857892939,0.9180116204002582,0.9178264920060487,10843.0
