{"Fold 0 accuracy on Random Noise": 0.9740232700551132, "Dataset": 1, "Num Samples": 1633038, "_runtime": 1445, "_timestamp": 1645740827, "_step": 7, "Fold 0 precision on Random Noise": 0.9725499486630357, "Fold 0 recall on Random Noise": 0.9740232700551132, "Fold 0 f1 on Random Noise": 0.9726659002555664, "Fold 1 accuracy on Random Noise": 0.975309851565179, "Fold 1 precision on Random Noise": 0.9738219597733819, "Fold 1 recall on Random Noise": 0.975309851565179, "Fold 1 f1 on Random Noise": 0.9742272711576169}