runtime,accuracy,balanced_accuracy,mcc,light-1-precision,light-1-recall,light-1-f1-score,light-1-support,light-1-accuracy,light-2-precision,light-2-recall,light-2-f1-score,light-2-support,light-2-accuracy,light-3-precision,light-3-recall,light-3-f1-score,light-3-support,light-3-accuracy,light-4-precision,light-4-recall,light-4-f1-score,light-4-support,light-4-accuracy,light-5-precision,light-5-recall,light-5-f1-score,light-5-support,light-5-accuracy,light-6-precision,light-6-recall,light-6-f1-score,light-6-support,light-6-accuracy,light-7-precision,light-7-recall,light-7-f1-score,light-7-support,light-7-accuracy,light-8-precision,light-8-recall,light-8-f1-score,light-8-support,light-8-accuracy,macro avg-precision,macro avg-recall,macro avg-f1-score,macro avg-support,weighted avg-precision,weighted avg-recall,weighted avg-f1-score,weighted avg-support
411.9747953414917,0.9345604998733429,0.8249682112335444,0.9019364496543245,0.9382829208677055,0.9394310186601407,0.938856618771018,3269.0,0.9382829208677055,0.9320660641944531,0.9127250534025023,0.9222941720629048,3277.0,0.9320660641944531,0.9370711625171535,0.956,0.9464409464409463,5000.0,0.9370711625171535,0.851063829787234,0.6779661016949152,0.7547169811320754,59.0,0.851063829787234,0.74,0.6379310344827587,0.6851851851851852,58.0,0.74,0.9152542372881356,0.8852459016393442,0.9,61.0,0.9152542372881356,0.9032258064516129,0.9180327868852459,0.9105691056910569,61.0,0.9032258064516129,0.9285714285714286,0.6724137931034483,0.78,58.0,0.9285714285714286,0.8931919312097154,0.8249682112335444,0.8547578761603983,11843.0,0.9342987726716401,0.9345604998733429,0.934192246803345,11843.0
