runtime,accuracy,balanced_accuracy,mcc,light-1-precision,light-1-recall,light-1-f1-score,light-1-support,light-1-accuracy,light-2-precision,light-2-recall,light-2-f1-score,light-2-support,light-2-accuracy,light-3-precision,light-3-recall,light-3-f1-score,light-3-support,light-3-accuracy,light-4-precision,light-4-recall,light-4-f1-score,light-4-support,light-4-accuracy,light-5-precision,light-5-recall,light-5-f1-score,light-5-support,light-5-accuracy,light-6-precision,light-6-recall,light-6-f1-score,light-6-support,light-6-accuracy,light-7-precision,light-7-recall,light-7-f1-score,light-7-support,light-7-accuracy,light-8-precision,light-8-recall,light-8-f1-score,light-8-support,light-8-accuracy,macro avg-precision,macro avg-recall,macro avg-f1-score,macro avg-support,weighted avg-precision,weighted avg-recall,weighted avg-f1-score,weighted avg-support
376.3280339241028,0.7315318638753112,0.5834408228340939,0.6047467735455091,0.7071041541240217,0.718568369531967,0.7127901684114701,3269.0,0.7071041541240217,0.7202610501334915,0.7409215746109247,0.7304452466907341,3277.0,0.7202610501334915,0.7611336032388664,0.752,0.7565392354124749,4000.0,0.7611336032388664,0.5333333333333333,0.2711864406779661,0.3595505617977528,59.0,0.5333333333333333,0.5853658536585366,0.41379310344827586,0.48484848484848475,58.0,0.5853658536585366,0.9347826086956522,0.7049180327868853,0.8037383177570093,61.0,0.9347826086956522,0.9166666666666666,0.7213114754098361,0.8073394495412843,61.0,0.9166666666666666,0.6060606060606061,0.3448275862068966,0.43956043956043955,58.0,0.6060606060606061,0.7205884844888968,0.5834408228340939,0.6368514880024563,10843.0,0.7313346086140203,0.7315318638753112,0.7307057106114093,10843.0
