runtime,accuracy,balanced_accuracy,mcc,light-1-precision,light-1-recall,light-1-f1-score,light-1-support,light-1-accuracy,light-2-precision,light-2-recall,light-2-f1-score,light-2-support,light-2-accuracy,light-3-precision,light-3-recall,light-3-f1-score,light-3-support,light-3-accuracy,light-4-precision,light-4-recall,light-4-f1-score,light-4-support,light-4-accuracy,light-5-precision,light-5-recall,light-5-f1-score,light-5-support,light-5-accuracy,light-6-precision,light-6-recall,light-6-f1-score,light-6-support,light-6-accuracy,light-7-precision,light-7-recall,light-7-f1-score,light-7-support,light-7-accuracy,light-8-precision,light-8-recall,light-8-f1-score,light-8-support,light-8-accuracy,macro avg-precision,macro avg-recall,macro avg-f1-score,macro avg-support,weighted avg-precision,weighted avg-recall,weighted avg-f1-score,weighted avg-support
309.9539096355438,0.7877893571889698,0.7397829899914017,0.6894888680068482,0.7109967497291441,0.8029978586723768,0.7542019824737825,3269.0,0.7109967497291441,0.7807220934084134,0.7192554165395179,0.7487293519695043,3277.0,0.7807220934084134,0.8622199330414628,0.837,0.8494228085754154,4000.0,0.8622199330414628,0.8181818181818182,0.6101694915254238,0.6990291262135923,59.0,0.8181818181818182,0.75,0.46551724137931033,0.574468085106383,58.0,0.75,0.8524590163934426,0.8524590163934426,0.8524590163934426,61.0,0.8524590163934426,0.9074074074074074,0.8032786885245902,0.8521739130434782,61.0,0.9074074074074074,0.8888888888888888,0.8275862068965517,0.8571428571428572,58.0,0.8888888888888888,0.8213594883813222,0.7397829899914017,0.7734533926148068,10843.0,0.7915000038559373,0.7877893571889698,0.7880680958411169,10843.0
