runtime,accuracy,balanced_accuracy,mcc,light-1-precision,light-1-recall,light-1-f1-score,light-1-support,light-1-accuracy,light-2-precision,light-2-recall,light-2-f1-score,light-2-support,light-2-accuracy,light-3-precision,light-3-recall,light-3-f1-score,light-3-support,light-3-accuracy,light-4-precision,light-4-recall,light-4-f1-score,light-4-support,light-4-accuracy,light-5-precision,light-5-recall,light-5-f1-score,light-5-support,light-5-accuracy,light-6-precision,light-6-recall,light-6-f1-score,light-6-support,light-6-accuracy,light-7-precision,light-7-recall,light-7-f1-score,light-7-support,light-7-accuracy,light-8-precision,light-8-recall,light-8-f1-score,light-8-support,light-8-accuracy,macro avg-precision,macro avg-recall,macro avg-f1-score,macro avg-support,weighted avg-precision,weighted avg-recall,weighted avg-f1-score,weighted avg-support
249.95063734054565,0.7743244489532417,0.7385999862875977,0.6687955807513483,0.7282708142726441,0.7304986234322423,0.729383017715333,3269.0,0.7282708142726441,0.7852112676056338,0.6805004577357339,0.7291155795324505,3277.0,0.7852112676056338,0.7994166479694862,0.89075,0.8426155847227149,4000.0,0.7994166479694862,0.6851851851851852,0.6271186440677966,0.6548672566371682,59.0,0.6851851851851852,0.6538461538461539,0.5862068965517241,0.6181818181818182,58.0,0.6538461538461539,0.9107142857142857,0.8360655737704918,0.8717948717948717,61.0,0.9107142857142857,0.8709677419354839,0.8852459016393442,0.8780487804878049,61.0,0.8709677419354839,0.9069767441860465,0.6724137931034483,0.7722772277227723,58.0,0.9069767441860465,0.7925736050893649,0.7385999862875977,0.7620355170993667,10843.0,0.7738778442660988,0.7743244489532417,0.7719405545995967,10843.0
