runtime,accuracy,balanced_accuracy,mcc,cam_allwinner-precision,cam_allwinner-recall,cam_allwinner-f1-score,cam_allwinner-support,cam_allwinner-accuracy,light-precision,light-recall,light-f1-score,light-support,light-accuracy,plug-precision,plug-recall,plug-f1-score,plug-support,plug-accuracy,macro avg-precision,macro avg-recall,macro avg-f1-score,macro avg-support,weighted avg-precision,weighted avg-recall,weighted avg-f1-score,weighted avg-support
744.978363275528,0.9877706631671833,0.9751675656795683,0.9794273917592909,0.9995199546138908,0.9994109176593795,0.9994654331627811,45834.0,0.9995199546138908,0.9763705103969754,0.9346109557493009,0.9550344595730376,12158.0,0.9763705103969754,0.9746499822161865,0.9914808236300243,0.9829933636615631,30402.0,0.9746499822161865,0.9835134824090176,0.9751675656795683,0.9791644187991273,88394.0,0.9877821913762925,0.9877706631671833,0.9876888913852834,88394.0
