runtime,accuracy,balanced_accuracy,mcc,light-1-precision,light-1-recall,light-1-f1-score,light-1-support,light-1-accuracy,light-2-precision,light-2-recall,light-2-f1-score,light-2-support,light-2-accuracy,light-3-precision,light-3-recall,light-3-f1-score,light-3-support,light-3-accuracy,light-4-precision,light-4-recall,light-4-f1-score,light-4-support,light-4-accuracy,light-5-precision,light-5-recall,light-5-f1-score,light-5-support,light-5-accuracy,light-6-precision,light-6-recall,light-6-f1-score,light-6-support,light-6-accuracy,light-7-precision,light-7-recall,light-7-f1-score,light-7-support,light-7-accuracy,light-8-precision,light-8-recall,light-8-f1-score,light-8-support,light-8-accuracy,macro avg-precision,macro avg-recall,macro avg-f1-score,macro avg-support,weighted avg-precision,weighted avg-recall,weighted avg-f1-score,weighted avg-support
259.82215905189514,0.841187863137508,0.7858103814163624,0.7666573656993934,0.8253726802555522,0.8299174059345366,0.8276388041488713,3269.0,0.8253726802555522,0.8332805071315372,0.8022581629539213,0.8174751243781094,3277.0,0.8332805071315372,0.8616093068347067,0.88875,0.874969234555747,4000.0,0.8616093068347067,0.7166666666666667,0.7288135593220338,0.7226890756302521,59.0,0.7166666666666667,0.6666666666666666,0.6206896551724138,0.6428571428571429,58.0,0.6666666666666666,0.9411764705882353,0.7868852459016393,0.8571428571428571,61.0,0.9411764705882353,0.8793103448275862,0.8360655737704918,0.8571428571428572,61.0,0.8793103448275862,0.8846153846153846,0.7931034482758621,0.8363636363636363,58.0,0.8846153846153846,0.8260872534482919,0.7858103814163624,0.8045348415274342,10843.0,0.8409617383576807,0.841187863137508,0.8408465425436809,10843.0
