runtime,accuracy,balanced_accuracy,mcc,light-1-precision,light-1-recall,light-1-f1-score,light-1-support,light-1-accuracy,light-2-precision,light-2-recall,light-2-f1-score,light-2-support,light-2-accuracy,light-3-precision,light-3-recall,light-3-f1-score,light-3-support,light-3-accuracy,light-4-precision,light-4-recall,light-4-f1-score,light-4-support,light-4-accuracy,light-5-precision,light-5-recall,light-5-f1-score,light-5-support,light-5-accuracy,light-6-precision,light-6-recall,light-6-f1-score,light-6-support,light-6-accuracy,light-7-precision,light-7-recall,light-7-f1-score,light-7-support,light-7-accuracy,light-8-precision,light-8-recall,light-8-f1-score,light-8-support,light-8-accuracy,macro avg-precision,macro avg-recall,macro avg-f1-score,macro avg-support,weighted avg-precision,weighted avg-recall,weighted avg-f1-score,weighted avg-support
197.65213680267334,0.8302130406714009,0.7661894065976899,0.7506053517223148,0.7906769596199525,0.8146222086264913,0.802470995931897,3269.0,0.7906769596199525,0.8423482849604221,0.7793713762587733,0.8096370264701219,3277.0,0.8423482849604221,0.8533843578091366,0.892,0.8722650042782056,4000.0,0.8533843578091366,0.7346938775510204,0.6101694915254238,0.6666666666666667,59.0,0.7346938775510204,0.6458333333333334,0.5344827586206896,0.5849056603773585,58.0,0.6458333333333334,0.9090909090909091,0.819672131147541,0.8620689655172413,61.0,0.9090909090909091,0.8833333333333333,0.8688524590163934,0.8760330578512396,61.0,0.8833333333333333,0.94,0.8103448275862069,0.8703703703703703,58.0,0.94,0.8249201319622634,0.7661894065976899,0.7930522184328876,10843.0,0.8303328315914595,0.8302130406714009,0.829593452466934,10843.0
