runtime,accuracy,balanced_accuracy,mcc,light-1-precision,light-1-recall,light-1-f1-score,light-1-support,light-1-accuracy,light-2-precision,light-2-recall,light-2-f1-score,light-2-support,light-2-accuracy,light-3-precision,light-3-recall,light-3-f1-score,light-3-support,light-3-accuracy,light-4-precision,light-4-recall,light-4-f1-score,light-4-support,light-4-accuracy,light-5-precision,light-5-recall,light-5-f1-score,light-5-support,light-5-accuracy,light-6-precision,light-6-recall,light-6-f1-score,light-6-support,light-6-accuracy,light-7-precision,light-7-recall,light-7-f1-score,light-7-support,light-7-accuracy,light-8-precision,light-8-recall,light-8-f1-score,light-8-support,light-8-accuracy,macro avg-precision,macro avg-recall,macro avg-f1-score,macro avg-support,weighted avg-precision,weighted avg-recall,weighted avg-f1-score,weighted avg-support
312.4991068840027,0.7480402102739094,0.6352951267222444,0.6296963846633616,0.7237039256817501,0.7387580299785867,0.7311534968210718,3269.0,0.7237039256817501,0.7326409495548961,0.7534330180042722,0.7428915300135399,3277.0,0.7326409495548961,0.7826977220373689,0.7645,0.773491842671051,4000.0,0.7826977220373689,0.5227272727272727,0.3898305084745763,0.4466019417475728,59.0,0.5227272727272727,0.6111111111111112,0.3793103448275862,0.46808510638297873,58.0,0.6111111111111112,0.9107142857142857,0.8360655737704918,0.8717948717948717,61.0,0.9107142857142857,1.0,0.7377049180327869,0.8490566037735848,61.0,1.0,0.5833333333333334,0.4827586206896552,0.5283018867924529,58.0,0.5833333333333334,0.7333660750200023,0.6352951267222444,0.6764221599996405,10843.0,0.7483275542923332,0.7480402102739094,0.7477336157727211,10843.0
