runtime,accuracy,balanced_accuracy,mcc,light-1-precision,light-1-recall,light-1-f1-score,light-1-support,light-1-accuracy,light-2-precision,light-2-recall,light-2-f1-score,light-2-support,light-2-accuracy,light-3-precision,light-3-recall,light-3-f1-score,light-3-support,light-3-accuracy,light-4-precision,light-4-recall,light-4-f1-score,light-4-support,light-4-accuracy,light-5-precision,light-5-recall,light-5-f1-score,light-5-support,light-5-accuracy,light-6-precision,light-6-recall,light-6-f1-score,light-6-support,light-6-accuracy,light-7-precision,light-7-recall,light-7-f1-score,light-7-support,light-7-accuracy,light-8-precision,light-8-recall,light-8-f1-score,light-8-support,light-8-accuracy,macro avg-precision,macro avg-recall,macro avg-f1-score,macro avg-support,weighted avg-precision,weighted avg-recall,weighted avg-f1-score,weighted avg-support
376.4563612937927,0.7594761597343909,0.6887907414936645,0.6463071819655598,0.7268217054263566,0.7170388498011624,0.7218971358176779,3269.0,0.7268217054263566,0.7162362718907688,0.736344217271895,0.7261510683117665,3277.0,0.7162362718907688,0.8196107784431138,0.82125,0.8204295704295704,4000.0,0.8196107784431138,0.6875,0.559322033898305,0.6168224299065421,59.0,0.6875,0.75,0.5689655172413793,0.6470588235294117,58.0,0.75,0.8727272727272727,0.7868852459016393,0.8275862068965518,61.0,0.8727272727272727,0.8596491228070176,0.8032786885245902,0.8305084745762712,61.0,0.8596491228070176,0.8108108108108109,0.5172413793103449,0.631578947368421,58.0,0.8108108108108109,0.7804194952631676,0.6887907414936645,0.7277540821045265,10843.0,0.7597799519461296,0.7594761597343909,0.7592819661726767,10843.0
