runtime,accuracy,balanced_accuracy,mcc,light-1-precision,light-1-recall,light-1-f1-score,light-1-support,light-1-accuracy,light-2-precision,light-2-recall,light-2-f1-score,light-2-support,light-2-accuracy,light-3-precision,light-3-recall,light-3-f1-score,light-3-support,light-3-accuracy,light-4-precision,light-4-recall,light-4-f1-score,light-4-support,light-4-accuracy,light-5-precision,light-5-recall,light-5-f1-score,light-5-support,light-5-accuracy,light-6-precision,light-6-recall,light-6-f1-score,light-6-support,light-6-accuracy,light-7-precision,light-7-recall,light-7-f1-score,light-7-support,light-7-accuracy,light-8-precision,light-8-recall,light-8-f1-score,light-8-support,light-8-accuracy,macro avg-precision,macro avg-recall,macro avg-f1-score,macro avg-support,weighted avg-precision,weighted avg-recall,weighted avg-f1-score,weighted avg-support
254.8380148410797,0.7765378585262381,0.7057937115978903,0.6709700755329358,0.7477477477477478,0.7363107984092995,0.7419852034525277,3269.0,0.7477477477477478,0.7515962298570994,0.7543484894720781,0.7529698446542795,3277.0,0.7515962298570994,0.814174378957623,0.83575,0.8248211201579078,4000.0,0.814174378957623,0.9117647058823529,0.5254237288135594,0.6666666666666667,59.0,0.9117647058823529,0.8292682926829268,0.5862068965517241,0.6868686868686867,58.0,0.8292682926829268,0.8620689655172413,0.819672131147541,0.8403361344537814,61.0,0.8620689655172413,0.9090909090909091,0.819672131147541,0.8620689655172413,61.0,0.9090909090909091,0.8048780487804879,0.5689655172413793,0.6666666666666667,58.0,0.8048780487804879,0.8288236598145484,0.7057937115978903,0.7552979110547198,10843.0,0.7766006738229853,0.7765378585262381,0.7759846340114943,10843.0
