runtime,accuracy,balanced_accuracy,mcc,light-1-precision,light-1-recall,light-1-f1-score,light-1-support,light-1-accuracy,light-2-precision,light-2-recall,light-2-f1-score,light-2-support,light-2-accuracy,light-3-precision,light-3-recall,light-3-f1-score,light-3-support,light-3-accuracy,light-4-precision,light-4-recall,light-4-f1-score,light-4-support,light-4-accuracy,light-5-precision,light-5-recall,light-5-f1-score,light-5-support,light-5-accuracy,light-6-precision,light-6-recall,light-6-f1-score,light-6-support,light-6-accuracy,light-7-precision,light-7-recall,light-7-f1-score,light-7-support,light-7-accuracy,light-8-precision,light-8-recall,light-8-f1-score,light-8-support,light-8-accuracy,macro avg-precision,macro avg-recall,macro avg-f1-score,macro avg-support,weighted avg-precision,weighted avg-recall,weighted avg-f1-score,weighted avg-support
507.09588623046875,0.9114636170801439,0.8025518858853848,0.8701583959728016,0.8967150044391832,0.9268889568675436,0.9115523465703971,3269.0,0.8967150044391832,0.9465275513531138,0.8858712236801953,0.9151954602774276,3277.0,0.9465275513531138,0.9020793036750484,0.93275,0.9171583087512292,4000.0,0.9020793036750484,0.603448275862069,0.5932203389830508,0.5982905982905983,59.0,0.603448275862069,0.7954545454545454,0.603448275862069,0.6862745098039215,58.0,0.7954545454545454,0.9016393442622951,0.9016393442622951,0.9016393442622952,61.0,0.9016393442622951,0.9454545454545454,0.8524590163934426,0.8965517241379309,61.0,0.9454545454545454,0.9767441860465116,0.7241379310344828,0.8316831683168318,58.0,0.9767441860465116,0.871007844568414,0.8025518858853848,0.8322931825513289,10843.0,0.91234096209275,0.9114636170801439,0.9112444641773714,10843.0
