runtime,accuracy,balanced_accuracy,mcc,light-1-precision,light-1-recall,light-1-f1-score,light-1-support,light-1-accuracy,light-2-precision,light-2-recall,light-2-f1-score,light-2-support,light-2-accuracy,light-3-precision,light-3-recall,light-3-f1-score,light-3-support,light-3-accuracy,light-4-precision,light-4-recall,light-4-f1-score,light-4-support,light-4-accuracy,light-5-precision,light-5-recall,light-5-f1-score,light-5-support,light-5-accuracy,light-6-precision,light-6-recall,light-6-f1-score,light-6-support,light-6-accuracy,light-7-precision,light-7-recall,light-7-f1-score,light-7-support,light-7-accuracy,light-8-precision,light-8-recall,light-8-f1-score,light-8-support,light-8-accuracy,macro avg-precision,macro avg-recall,macro avg-f1-score,macro avg-support,weighted avg-precision,weighted avg-recall,weighted avg-f1-score,weighted avg-support
183.55160808563232,0.5549202250299733,0.5059801878422839,0.3473689645699247,0.4748700173310225,0.5867237687366167,0.524904214559387,3269.0,0.5867237687366167,0.5227910238429172,0.45498931949954224,0.48653940283896224,3277.0,0.45498931949954224,0.6550624501727346,0.61625,0.6350637640087595,4000.0,0.61625,0.6666666666666666,0.3050847457627119,0.4186046511627908,59.0,0.3050847457627119,0.5185185185185185,0.2413793103448276,0.32941176470588235,58.0,0.2413793103448276,0.9545454545454546,0.6885245901639344,0.8,61.0,0.6885245901639344,0.803921568627451,0.6721311475409836,0.7321428571428572,61.0,0.6721311475409836,0.7,0.4827586206896552,0.5714285714285714,58.0,0.4827586206896552,0.6620469624630956,0.5059801878422839,0.5622619032309013,10843.0,0.5628571399336204,0.5549202250299733,0.5552857774354948,10843.0
