runtime,accuracy,balanced_accuracy,mcc,light-1-precision,light-1-recall,light-1-f1-score,light-1-support,light-1-accuracy,light-2-precision,light-2-recall,light-2-f1-score,light-2-support,light-2-accuracy,light-3-precision,light-3-recall,light-3-f1-score,light-3-support,light-3-accuracy,light-4-precision,light-4-recall,light-4-f1-score,light-4-support,light-4-accuracy,light-5-precision,light-5-recall,light-5-f1-score,light-5-support,light-5-accuracy,light-6-precision,light-6-recall,light-6-f1-score,light-6-support,light-6-accuracy,light-7-precision,light-7-recall,light-7-f1-score,light-7-support,light-7-accuracy,light-8-precision,light-8-recall,light-8-f1-score,light-8-support,light-8-accuracy,macro avg-precision,macro avg-recall,macro avg-f1-score,macro avg-support,weighted avg-precision,weighted avg-recall,weighted avg-f1-score,weighted avg-support
225.966947555542,0.7518214516277782,0.7167551505038664,0.6367066946063815,0.676628971459343,0.7687366167023555,0.719747959329801,3269.0,0.676628971459343,0.764620414093716,0.6423558132438205,0.6981757877280265,3277.0,0.764620414093716,0.8059122849527501,0.8315,0.8185062138550511,4000.0,0.8059122849527501,0.74,0.6271186440677966,0.6788990825688074,59.0,0.74,0.725,0.5,0.5918367346938775,58.0,0.725,0.9782608695652174,0.7377049180327869,0.8411214953271028,61.0,0.9782608695652174,0.8571428571428571,0.8852459016393442,0.8709677419354839,61.0,0.8571428571428571,0.86,0.7413793103448276,0.7962962962962963,58.0,0.86,0.8009456746517354,0.7167551505038664,0.7519439139668058,10843.0,0.7552116546920494,0.7518214516277782,0.7506969654151133,10843.0
