runtime,accuracy,balanced_accuracy,mcc,light-1-precision,light-1-recall,light-1-f1-score,light-1-support,light-1-accuracy,light-2-precision,light-2-recall,light-2-f1-score,light-2-support,light-2-accuracy,light-3-precision,light-3-recall,light-3-f1-score,light-3-support,light-3-accuracy,light-4-precision,light-4-recall,light-4-f1-score,light-4-support,light-4-accuracy,light-5-precision,light-5-recall,light-5-f1-score,light-5-support,light-5-accuracy,light-6-precision,light-6-recall,light-6-f1-score,light-6-support,light-6-accuracy,light-7-precision,light-7-recall,light-7-f1-score,light-7-support,light-7-accuracy,light-8-precision,light-8-recall,light-8-f1-score,light-8-support,light-8-accuracy,macro avg-precision,macro avg-recall,macro avg-f1-score,macro avg-support,weighted avg-precision,weighted avg-recall,weighted avg-f1-score,weighted avg-support
389.8233528137207,0.8573273079406069,0.7212933716166082,0.79006084296613,0.83862355384159,0.8647904557968797,0.8515060240963855,3269.0,0.83862355384159,0.8692307692307693,0.8275862068965517,0.8478974519305925,3277.0,0.8692307692307693,0.8638895616372003,0.89175,0.8775987206298439,4000.0,0.8638895616372003,0.85,0.576271186440678,0.686868686868687,59.0,0.85,0.7692307692307693,0.5172413793103449,0.6185567010309279,58.0,0.7692307692307693,0.9019607843137255,0.7540983606557377,0.8214285714285715,61.0,0.9019607843137255,0.8888888888888888,0.7868852459016393,0.8347826086956522,61.0,0.8888888888888888,0.8205128205128205,0.5517241379310345,0.6597938144329897,58.0,0.8205128205128205,0.8502921434569705,0.7212933716166082,0.7748040723892062,10843.0,0.8574273571056606,0.8573273079406069,0.8566103928503872,10843.0
