runtime,accuracy,balanced_accuracy,mcc,light-1-precision,light-1-recall,light-1-f1-score,light-1-support,light-1-accuracy,light-2-precision,light-2-recall,light-2-f1-score,light-2-support,light-2-accuracy,light-3-precision,light-3-recall,light-3-f1-score,light-3-support,light-3-accuracy,light-4-precision,light-4-recall,light-4-f1-score,light-4-support,light-4-accuracy,light-5-precision,light-5-recall,light-5-f1-score,light-5-support,light-5-accuracy,light-6-precision,light-6-recall,light-6-f1-score,light-6-support,light-6-accuracy,light-7-precision,light-7-recall,light-7-f1-score,light-7-support,light-7-accuracy,light-8-precision,light-8-recall,light-8-f1-score,light-8-support,light-8-accuracy,macro avg-precision,macro avg-recall,macro avg-f1-score,macro avg-support,weighted avg-precision,weighted avg-recall,weighted avg-f1-score,weighted avg-support
358.9074718952179,0.9086046297150235,0.7877685797229497,0.8656733479557781,0.9043557721596102,0.9082288161517283,0.9062881562881564,3269.0,0.9043557721596102,0.9056432038834952,0.9108941104668904,0.908261068005477,3277.0,0.9056432038834952,0.9196606786427146,0.9215,0.9205794205794205,4000.0,0.9196606786427146,0.7647058823529411,0.6610169491525424,0.7090909090909091,59.0,0.7647058823529411,0.8536585365853658,0.603448275862069,0.7070707070707071,58.0,0.8536585365853658,0.92,0.7540983606557377,0.8288288288288288,61.0,0.92,0.8793103448275862,0.8360655737704918,0.8571428571428572,61.0,0.8793103448275862,0.7321428571428571,0.7068965517241379,0.719298245614035,58.0,0.7321428571428571,0.8599346594493213,0.7877685797229497,0.819570024077549,10843.0,0.9083857393540885,0.9086046297150235,0.9083053786603307,10843.0
