runtime,accuracy,balanced_accuracy,mcc,light-1-precision,light-1-recall,light-1-f1-score,light-1-support,light-1-accuracy,light-2-precision,light-2-recall,light-2-f1-score,light-2-support,light-2-accuracy,light-3-precision,light-3-recall,light-3-f1-score,light-3-support,light-3-accuracy,light-4-precision,light-4-recall,light-4-f1-score,light-4-support,light-4-accuracy,light-5-precision,light-5-recall,light-5-f1-score,light-5-support,light-5-accuracy,light-6-precision,light-6-recall,light-6-f1-score,light-6-support,light-6-accuracy,light-7-precision,light-7-recall,light-7-f1-score,light-7-support,light-7-accuracy,light-8-precision,light-8-recall,light-8-f1-score,light-8-support,light-8-accuracy,macro avg-precision,macro avg-recall,macro avg-f1-score,macro avg-support,weighted avg-precision,weighted avg-recall,weighted avg-f1-score,weighted avg-support
279.89972376823425,0.6300839251129761,0.6039192975546481,0.4572029664031379,0.6308724832214765,0.6038543897216274,0.6170678336980306,3269.0,0.6308724832214765,0.5659041394335512,0.6341165700335673,0.598071664987768,3277.0,0.5659041394335512,0.6825688073394496,0.651,0.6664107485604607,4000.0,0.6825688073394496,0.6756756756756757,0.423728813559322,0.5208333333333334,59.0,0.6756756756756757,0.5609756097560976,0.39655172413793105,0.4646464646464647,58.0,0.5609756097560976,0.94,0.7704918032786885,0.8468468468468469,61.0,0.94,0.8983050847457628,0.8688524590163934,0.8833333333333333,61.0,0.8983050847457628,0.7,0.4827586206896552,0.5714285714285714,58.0,0.7,0.7067877250215017,0.6039192975546481,0.6460798496043512,10843.0,0.6337916907067013,0.6300839251129761,0.6307369822480522,10843.0
