runtime,accuracy,balanced_accuracy,mcc,light-1-precision,light-1-recall,light-1-f1-score,light-1-support,light-1-accuracy,light-2-precision,light-2-recall,light-2-f1-score,light-2-support,light-2-accuracy,light-3-precision,light-3-recall,light-3-f1-score,light-3-support,light-3-accuracy,light-4-precision,light-4-recall,light-4-f1-score,light-4-support,light-4-accuracy,light-5-precision,light-5-recall,light-5-f1-score,light-5-support,light-5-accuracy,light-6-precision,light-6-recall,light-6-f1-score,light-6-support,light-6-accuracy,light-7-precision,light-7-recall,light-7-f1-score,light-7-support,light-7-accuracy,light-8-precision,light-8-recall,light-8-f1-score,light-8-support,light-8-accuracy,macro avg-precision,macro avg-recall,macro avg-f1-score,macro avg-support,weighted avg-precision,weighted avg-recall,weighted avg-f1-score,weighted avg-support
170.13648986816406,0.6582126717698054,0.621383368125649,0.5003218971429264,0.574290060851927,0.6928724380544509,0.628032718702343,3269.0,0.574290060851927,0.6689246401354784,0.48214830637778455,0.560383046639475,3277.0,0.6689246401354784,0.723552662171588,0.778,0.7497891820262619,4000.0,0.723552662171588,0.7727272727272727,0.576271186440678,0.6601941747572816,59.0,0.7727272727272727,0.5510204081632653,0.46551724137931033,0.5046728971962617,58.0,0.5510204081632653,0.9361702127659575,0.7213114754098361,0.8148148148148149,61.0,0.9361702127659575,0.8823529411764706,0.7377049180327869,0.8035714285714285,61.0,0.8823529411764706,0.6666666666666666,0.5172413793103449,0.5825242718446603,58.0,0.6666666666666666,0.7219631080823282,0.621383368125649,0.6629978168190658,10843.0,0.6631723300891632,0.6582126717698054,0.6538136477305341,10843.0
