runtime,accuracy,balanced_accuracy,mcc,light-1-precision,light-1-recall,light-1-f1-score,light-1-support,light-1-accuracy,light-2-precision,light-2-recall,light-2-f1-score,light-2-support,light-2-accuracy,light-3-precision,light-3-recall,light-3-f1-score,light-3-support,light-3-accuracy,light-4-precision,light-4-recall,light-4-f1-score,light-4-support,light-4-accuracy,light-5-precision,light-5-recall,light-5-f1-score,light-5-support,light-5-accuracy,light-6-precision,light-6-recall,light-6-f1-score,light-6-support,light-6-accuracy,light-7-precision,light-7-recall,light-7-f1-score,light-7-support,light-7-accuracy,light-8-precision,light-8-recall,light-8-f1-score,light-8-support,light-8-accuracy,macro avg-precision,macro avg-recall,macro avg-f1-score,macro avg-support,weighted avg-precision,weighted avg-recall,weighted avg-f1-score,weighted avg-support
385.7090027332306,0.9362722493774785,0.848092961051472,0.9064167119668248,0.9285075960679178,0.9535026001835424,0.9408391186236039,3269.0,0.9535026001835424,0.9450515142054324,0.9237107110161733,0.9342592592592593,3277.0,0.9237107110161733,0.9376087496892866,0.943,0.9402966471394739,4000.0,0.943,0.8979591836734694,0.7457627118644068,0.8148148148148148,59.0,0.7457627118644068,0.8723404255319149,0.7068965517241379,0.780952380952381,58.0,0.7068965517241379,0.9032258064516129,0.9180327868852459,0.9105691056910569,61.0,0.9180327868852459,0.9629629629629629,0.8524590163934426,0.9043478260869565,61.0,0.8524590163934426,0.8958333333333334,0.7413793103448276,0.8113207547169813,58.0,0.7413793103448276,0.9179361964894913,0.848092961051472,0.8796749884105659,10843.0,0.936275138535422,0.9362722493774785,0.9360410503285441,10843.0
