runtime,accuracy,balanced_accuracy,mcc,light-1-precision,light-1-recall,light-1-f1-score,light-1-support,light-1-accuracy,light-2-precision,light-2-recall,light-2-f1-score,light-2-support,light-2-accuracy,light-3-precision,light-3-recall,light-3-f1-score,light-3-support,light-3-accuracy,light-4-precision,light-4-recall,light-4-f1-score,light-4-support,light-4-accuracy,light-5-precision,light-5-recall,light-5-f1-score,light-5-support,light-5-accuracy,light-6-precision,light-6-recall,light-6-f1-score,light-6-support,light-6-accuracy,light-7-precision,light-7-recall,light-7-f1-score,light-7-support,light-7-accuracy,light-8-precision,light-8-recall,light-8-f1-score,light-8-support,light-8-accuracy,macro avg-precision,macro avg-recall,macro avg-f1-score,macro avg-support,weighted avg-precision,weighted avg-recall,weighted avg-f1-score,weighted avg-support
248.49262928962708,0.7286728765101909,0.619100330046122,0.6012226570261832,0.690068493150685,0.7396757418170694,0.7140115163147792,3269.0,0.690068493150685,0.7302237630003151,0.7070491303021056,0.7184496124031008,3277.0,0.7302237630003151,0.7614818573965998,0.75025,0.7558242035008186,4000.0,0.7614818573965998,0.5777777777777777,0.4406779661016949,0.5,59.0,0.5777777777777777,0.6129032258064516,0.3275862068965517,0.42696629213483145,58.0,0.6129032258064516,0.9347826086956522,0.7049180327868853,0.8037383177570093,61.0,0.9347826086956522,0.8153846153846154,0.8688524590163934,0.8412698412698412,61.0,0.8153846153846154,0.631578947368421,0.41379310344827586,0.5,58.0,0.631578947368421,0.7192751610725647,0.619100330046122,0.6575324729225476,10843.0,0.7292938910495204,0.7286728765101909,0.7281535906414929,10843.0
