runtime,accuracy,balanced_accuracy,mcc,cam_allwinner-precision,cam_allwinner-recall,cam_allwinner-f1-score,cam_allwinner-support,cam_allwinner-accuracy,light-precision,light-recall,light-f1-score,light-support,light-accuracy,plug-precision,plug-recall,plug-f1-score,plug-support,plug-accuracy,macro avg-precision,macro avg-recall,macro avg-f1-score,macro avg-support,weighted avg-precision,weighted avg-recall,weighted avg-f1-score,weighted avg-support
612.2785120010376,0.9845238364594882,0.9651056922947864,0.9740862719943328,0.9993671438547486,0.9991491032857703,0.9992581116760129,45834.0,0.9993671438547486,0.9865632608891695,0.8998190491857213,0.941196713554437,12158.0,0.9865632608891695,0.962199421873511,0.9963489244128676,0.978976455569381,30402.0,0.962199421873511,0.9827099422058098,0.9651056922947864,0.9731437602666103,88394.0,0.9848226872992235,0.9845238364594882,0.9842965375045087,88394.0
