runtime,accuracy,balanced_accuracy,mcc,light-1-precision,light-1-recall,light-1-f1-score,light-1-support,light-1-accuracy,light-2-precision,light-2-recall,light-2-f1-score,light-2-support,light-2-accuracy,light-3-precision,light-3-recall,light-3-f1-score,light-3-support,light-3-accuracy,light-4-precision,light-4-recall,light-4-f1-score,light-4-support,light-4-accuracy,light-5-precision,light-5-recall,light-5-f1-score,light-5-support,light-5-accuracy,light-6-precision,light-6-recall,light-6-f1-score,light-6-support,light-6-accuracy,light-7-precision,light-7-recall,light-7-f1-score,light-7-support,light-7-accuracy,light-8-precision,light-8-recall,light-8-f1-score,light-8-support,light-8-accuracy,macro avg-precision,macro avg-recall,macro avg-f1-score,macro avg-support,weighted avg-precision,weighted avg-recall,weighted avg-f1-score,weighted avg-support
344.1287431716919,0.9356266715853546,0.8150257207989847,0.905377113299937,0.9303930393039304,0.9486081370449678,0.9394122993032413,3269.0,0.9303930393039304,0.9370972691009513,0.9319499542264266,0.934516523867809,3277.0,0.9370972691009513,0.9410883674488267,0.9425,0.9417936547589308,4000.0,0.9410883674488267,0.9361702127659575,0.7457627118644068,0.8301886792452831,59.0,0.9361702127659575,0.9047619047619048,0.6551724137931034,0.7599999999999999,58.0,0.9047619047619048,0.7887323943661971,0.9180327868852459,0.8484848484848485,61.0,0.7887323943661971,0.9767441860465116,0.6885245901639344,0.8076923076923077,61.0,0.9767441860465116,0.9523809523809523,0.6896551724137931,0.7999999999999999,58.0,0.9523809523809523,0.920921040771904,0.8150257207989847,0.8577610391690526,10843.0,0.9358404930181984,0.9356266715853546,0.935258877872831,10843.0
