runtime,accuracy,balanced_accuracy,mcc,light-1-precision,light-1-recall,light-1-f1-score,light-1-support,light-1-accuracy,light-2-precision,light-2-recall,light-2-f1-score,light-2-support,light-2-accuracy,light-3-precision,light-3-recall,light-3-f1-score,light-3-support,light-3-accuracy,light-4-precision,light-4-recall,light-4-f1-score,light-4-support,light-4-accuracy,light-5-precision,light-5-recall,light-5-f1-score,light-5-support,light-5-accuracy,light-6-precision,light-6-recall,light-6-f1-score,light-6-support,light-6-accuracy,light-7-precision,light-7-recall,light-7-f1-score,light-7-support,light-7-accuracy,light-8-precision,light-8-recall,light-8-f1-score,light-8-support,light-8-accuracy,macro avg-precision,macro avg-recall,macro avg-f1-score,macro avg-support,weighted avg-precision,weighted avg-recall,weighted avg-f1-score,weighted avg-support
211.43482327461243,0.6727842847920317,0.6591902196592072,0.5204750952052649,0.5770384510499046,0.647292750076476,0.6101499423298731,3269.0,0.5770384510499046,0.6530128639133378,0.5886481537992065,0.6191622532498795,3277.0,0.6530128639133378,0.7732219691217413,0.76375,0.7684567978870583,4000.0,0.7732219691217413,0.5932203389830508,0.5932203389830508,0.5932203389830508,59.0,0.5932203389830508,0.4393939393939394,0.5,0.46774193548387094,58.0,0.4393939393939394,0.9411764705882353,0.7868852459016393,0.8571428571428571,61.0,0.9411764705882353,0.9361702127659575,0.7213114754098361,0.8148148148148149,61.0,0.9361702127659575,0.8125,0.6724137931034483,0.7358490566037735,58.0,0.8125,0.7157167807270208,0.6591902196592072,0.6833172495618973,10843.0,0.6770522663637892,0.6727842847920317,0.673632735631739,10843.0
