runtime,accuracy,balanced_accuracy,mcc,light-1-precision,light-1-recall,light-1-f1-score,light-1-support,light-1-accuracy,light-2-precision,light-2-recall,light-2-f1-score,light-2-support,light-2-accuracy,light-3-precision,light-3-recall,light-3-f1-score,light-3-support,light-3-accuracy,light-4-precision,light-4-recall,light-4-f1-score,light-4-support,light-4-accuracy,light-5-precision,light-5-recall,light-5-f1-score,light-5-support,light-5-accuracy,light-6-precision,light-6-recall,light-6-f1-score,light-6-support,light-6-accuracy,light-7-precision,light-7-recall,light-7-f1-score,light-7-support,light-7-accuracy,light-8-precision,light-8-recall,light-8-f1-score,light-8-support,light-8-accuracy,macro avg-precision,macro avg-recall,macro avg-f1-score,macro avg-support,weighted avg-precision,weighted avg-recall,weighted avg-f1-score,weighted avg-support
387.31863713264465,0.8562206031541086,0.7100358416853891,0.7884421820965877,0.8554931335830213,0.8384827164270419,0.846902518152325,3269.0,0.8554931335830213,0.8419939577039275,0.8504729935916997,0.8462122362228632,3277.0,0.8419939577039275,0.8731051344743276,0.89275,0.8828182941903585,4000.0,0.8731051344743276,0.72,0.6101694915254238,0.6605504587155964,59.0,0.72,0.6585365853658537,0.46551724137931033,0.5454545454545454,58.0,0.6585365853658537,0.8703703703703703,0.7704918032786885,0.817391304347826,61.0,0.8703703703703703,0.9411764705882353,0.7868852459016393,0.8571428571428571,61.0,0.9411764705882353,0.627906976744186,0.46551724137931033,0.5346534653465347,58.0,0.627906976744186,0.7985728286037402,0.7100358416853891,0.7488907099466133,10843.0,0.855468032359756,0.8562206031541086,0.8555381658438921,10843.0
