runtime,accuracy,balanced_accuracy,mcc,light-1-precision,light-1-recall,light-1-f1-score,light-1-support,light-1-accuracy,light-2-precision,light-2-recall,light-2-f1-score,light-2-support,light-2-accuracy,light-3-precision,light-3-recall,light-3-f1-score,light-3-support,light-3-accuracy,light-4-precision,light-4-recall,light-4-f1-score,light-4-support,light-4-accuracy,light-5-precision,light-5-recall,light-5-f1-score,light-5-support,light-5-accuracy,light-6-precision,light-6-recall,light-6-f1-score,light-6-support,light-6-accuracy,light-7-precision,light-7-recall,light-7-f1-score,light-7-support,light-7-accuracy,light-8-precision,light-8-recall,light-8-f1-score,light-8-support,light-8-accuracy,macro avg-precision,macro avg-recall,macro avg-f1-score,macro avg-support,weighted avg-precision,weighted avg-recall,weighted avg-f1-score,weighted avg-support
496.5198223590851,0.8935718896984229,0.7917604078928994,0.8436404763704205,0.9033693579148124,0.8693790149892934,0.8860483242400624,3269.0,0.9033693579148124,0.8960396039603961,0.8837351235886481,0.8898448302350591,3277.0,0.8960396039603961,0.8882017126546147,0.9335,0.9102876645538762,4000.0,0.8882017126546147,0.6981132075471698,0.6271186440677966,0.6607142857142857,59.0,0.6981132075471698,0.8372093023255814,0.6206896551724138,0.7128712871287128,58.0,0.8372093023255814,0.8596491228070176,0.8032786885245902,0.8305084745762712,61.0,0.8596491228070176,0.8596491228070176,0.8032786885245902,0.8305084745762712,61.0,0.8596491228070176,0.9019607843137255,0.7931034482758621,0.8440366972477066,58.0,0.9019607843137255,0.8555240267912918,0.7917604078928994,0.8206025047840306,10843.0,0.8935885641494989,0.8935718896984229,0.8931355693706389,10843.0
