runtime,accuracy,balanced_accuracy,mcc,cam-1-precision,cam-1-recall,cam-1-f1-score,cam-1-support,cam-1-accuracy,cam-2-precision,cam-2-recall,cam-2-f1-score,cam-2-support,cam-2-accuracy,cam-3-precision,cam-3-recall,cam-3-f1-score,cam-3-support,cam-3-accuracy,cam-4-precision,cam-4-recall,cam-4-f1-score,cam-4-support,cam-4-accuracy,cam-5-precision,cam-5-recall,cam-5-f1-score,cam-5-support,cam-5-accuracy,cam-6-precision,cam-6-recall,cam-6-f1-score,cam-6-support,cam-6-accuracy,cam-7-precision,cam-7-recall,cam-7-f1-score,cam-7-support,cam-7-accuracy,cam-8-precision,cam-8-recall,cam-8-f1-score,cam-8-support,cam-8-accuracy,macro avg-precision,macro avg-recall,macro avg-f1-score,macro avg-support,weighted avg-precision,weighted avg-recall,weighted avg-f1-score,weighted avg-support
377.01745104789734,0.9749640580299443,0.9749641849654274,0.9715497060692085,0.8821437773769647,0.9943653790299157,0.9348989623156746,17215.0,0.8821437773769647,0.9924552961444781,0.9704327621260529,0.9813204887218046,17215.0,0.9924552961444781,0.9824126534466477,0.9668912639405205,0.9745901639344263,17216.0,0.9824126534466477,0.9908638360175696,0.9828056927098461,0.9868183143773696,17215.0,0.9908638360175696,0.9956443914081146,0.9693290734824281,0.9823105224429728,17215.0,0.9956443914081146,0.993771133653675,0.9731048504211444,0.9833294200516554,17215.0,0.993771133653675,0.9929760358871443,0.977229160615742,0.9850396697602248,17215.0,0.9929760358871443,0.9832603809298474,0.9655552973977695,0.97432741339898,17216.0,0.9832603809298474,0.9766909381080552,0.9749641849654274,0.9753293693753885,137722.0,0.9766910273542044,0.9749640580299443,0.9753293567328085,137722.0
