runtime,accuracy,balanced_accuracy,mcc,light-1-precision,light-1-recall,light-1-f1-score,light-1-support,light-1-accuracy,light-2-precision,light-2-recall,light-2-f1-score,light-2-support,light-2-accuracy,light-3-precision,light-3-recall,light-3-f1-score,light-3-support,light-3-accuracy,light-4-precision,light-4-recall,light-4-f1-score,light-4-support,light-4-accuracy,light-5-precision,light-5-recall,light-5-f1-score,light-5-support,light-5-accuracy,light-6-precision,light-6-recall,light-6-f1-score,light-6-support,light-6-accuracy,light-7-precision,light-7-recall,light-7-f1-score,light-7-support,light-7-accuracy,light-8-precision,light-8-recall,light-8-f1-score,light-8-support,light-8-accuracy,macro avg-precision,macro avg-recall,macro avg-f1-score,macro avg-support,weighted avg-precision,weighted avg-recall,weighted avg-f1-score,weighted avg-support
524.1184179782867,0.9126625472655169,0.8136135120052914,0.8717229119704775,0.9005376344086021,0.9223003976751301,0.911289103823485,3269.0,0.9005376344086021,0.9212792127921279,0.9142508391821789,0.9177515699188237,3277.0,0.9212792127921279,0.9191564147627417,0.91525,0.9171990479769511,4000.0,0.9191564147627417,0.7547169811320755,0.6779661016949152,0.7142857142857143,59.0,0.7547169811320755,0.8372093023255814,0.6206896551724138,0.7128712871287128,58.0,0.8372093023255814,0.9322033898305084,0.9016393442622951,0.9166666666666666,61.0,0.9322033898305084,0.9322033898305084,0.9016393442622951,0.9166666666666666,61.0,0.9322033898305084,0.8260869565217391,0.6551724137931034,0.7307692307692308,58.0,0.8260869565217391,0.8779241602004856,0.8136135120052914,0.8421874109045313,10843.0,0.9125005500979203,0.9126625472655169,0.9123839811348367,10843.0
