runtime,accuracy,balanced_accuracy,mcc,light-1-precision,light-1-recall,light-1-f1-score,light-1-support,light-1-accuracy,light-2-precision,light-2-recall,light-2-f1-score,light-2-support,light-2-accuracy,light-3-precision,light-3-recall,light-3-f1-score,light-3-support,light-3-accuracy,light-4-precision,light-4-recall,light-4-f1-score,light-4-support,light-4-accuracy,light-5-precision,light-5-recall,light-5-f1-score,light-5-support,light-5-accuracy,light-6-precision,light-6-recall,light-6-f1-score,light-6-support,light-6-accuracy,light-7-precision,light-7-recall,light-7-f1-score,light-7-support,light-7-accuracy,light-8-precision,light-8-recall,light-8-f1-score,light-8-support,light-8-accuracy,macro avg-precision,macro avg-recall,macro avg-f1-score,macro avg-support,weighted avg-precision,weighted avg-recall,weighted avg-f1-score,weighted avg-support
438.74684381484985,0.920593931568754,0.8527646752744089,0.8835165539752552,0.9172455451525219,0.9290302844906699,0.9231003039513678,3269.0,0.9172455451525219,0.9040932178069914,0.923405553860238,0.913647342995169,3277.0,0.9040932178069914,0.9389839162624457,0.9195,0.9291398256915498,4000.0,0.9389839162624457,0.8113207547169812,0.7288135593220338,0.7678571428571428,59.0,0.8113207547169812,0.851063829787234,0.6896551724137931,0.761904761904762,58.0,0.851063829787234,0.9322033898305084,0.9016393442622951,0.9166666666666666,61.0,0.9322033898305084,0.9473684210526315,0.8852459016393442,0.9152542372881356,61.0,0.9473684210526315,0.9423076923076923,0.8448275862068966,0.890909090909091,58.0,0.9423076923076923,0.9055733458646258,0.8527646752744089,0.8773099215329856,10843.0,0.9207472267989086,0.920593931568754,0.9205118960999177,10843.0
