runtime,accuracy,balanced_accuracy,mcc,light-1-precision,light-1-recall,light-1-f1-score,light-1-support,light-1-accuracy,light-2-precision,light-2-recall,light-2-f1-score,light-2-support,light-2-accuracy,light-3-precision,light-3-recall,light-3-f1-score,light-3-support,light-3-accuracy,light-4-precision,light-4-recall,light-4-f1-score,light-4-support,light-4-accuracy,light-5-precision,light-5-recall,light-5-f1-score,light-5-support,light-5-accuracy,light-6-precision,light-6-recall,light-6-f1-score,light-6-support,light-6-accuracy,light-7-precision,light-7-recall,light-7-f1-score,light-7-support,light-7-accuracy,light-8-precision,light-8-recall,light-8-f1-score,light-8-support,light-8-accuracy,macro avg-precision,macro avg-recall,macro avg-f1-score,macro avg-support,weighted avg-precision,weighted avg-recall,weighted avg-f1-score,weighted avg-support
206.05513787269592,0.6121921977312552,0.5387793331075977,0.4308599298428105,0.6195581546458739,0.5833588253288468,0.6009138175515992,3269.0,0.6195581546458739,0.552049622437972,0.6246566981995728,0.5861130994989263,3277.0,0.552049622437972,0.6617954070981211,0.634,0.6475995914198163,4000.0,0.6617954070981211,0.28888888888888886,0.22033898305084745,0.25,59.0,0.28888888888888886,0.5161290322580645,0.27586206896551724,0.3595505617977528,58.0,0.5161290322580645,0.7796610169491526,0.7540983606557377,0.7666666666666666,61.0,0.7796610169491526,0.8571428571428571,0.7868852459016393,0.8205128205128205,61.0,0.8571428571428571,0.7352941176470589,0.43103448275862066,0.5434782608695653,58.0,0.7352941176470589,0.6263148871334987,0.5387793331075977,0.5718543522896433,10843.0,0.6152407887224601,0.6121921977312552,0.6123233314346656,10843.0
