runtime,accuracy,balanced_accuracy,mcc,light-1-precision,light-1-recall,light-1-f1-score,light-1-support,light-1-accuracy,light-2-precision,light-2-recall,light-2-f1-score,light-2-support,light-2-accuracy,light-3-precision,light-3-recall,light-3-f1-score,light-3-support,light-3-accuracy,light-4-precision,light-4-recall,light-4-f1-score,light-4-support,light-4-accuracy,light-5-precision,light-5-recall,light-5-f1-score,light-5-support,light-5-accuracy,light-6-precision,light-6-recall,light-6-f1-score,light-6-support,light-6-accuracy,light-7-precision,light-7-recall,light-7-f1-score,light-7-support,light-7-accuracy,light-8-precision,light-8-recall,light-8-f1-score,light-8-support,light-8-accuracy,macro avg-precision,macro avg-recall,macro avg-f1-score,macro avg-support,weighted avg-precision,weighted avg-recall,weighted avg-f1-score,weighted avg-support
307.9138081073761,0.7521903532232777,0.6418174702146209,0.6354729182142068,0.7066029279952196,0.7234628326705415,0.7149334945586457,3269.0,0.7066029279952196,0.72613849033063,0.710405859017394,0.7181860249884314,3277.0,0.72613849033063,0.8127932822919239,0.82275,0.8177413343272457,4000.0,0.8127932822919239,0.5094339622641509,0.4576271186440678,0.48214285714285715,59.0,0.5094339622641509,0.5652173913043478,0.4482758620689655,0.4999999999999999,58.0,0.5652173913043478,0.9215686274509803,0.7704918032786885,0.8392857142857142,61.0,0.9215686274509803,0.9038461538461539,0.7704918032786885,0.8318584070796459,61.0,0.9038461538461539,0.6410256410256411,0.43103448275862066,0.5154639175257731,58.0,0.6410256410256411,0.7233283095636309,0.6418174702146209,0.6774514687385391,10843.0,0.7518198777926213,0.7521903532232777,0.75171646796085,10843.0
