runtime,accuracy,balanced_accuracy,mcc,light-1-precision,light-1-recall,light-1-f1-score,light-1-support,light-1-accuracy,light-2-precision,light-2-recall,light-2-f1-score,light-2-support,light-2-accuracy,light-3-precision,light-3-recall,light-3-f1-score,light-3-support,light-3-accuracy,light-4-precision,light-4-recall,light-4-f1-score,light-4-support,light-4-accuracy,light-5-precision,light-5-recall,light-5-f1-score,light-5-support,light-5-accuracy,light-6-precision,light-6-recall,light-6-f1-score,light-6-support,light-6-accuracy,light-7-precision,light-7-recall,light-7-f1-score,light-7-support,light-7-accuracy,light-8-precision,light-8-recall,light-8-f1-score,light-8-support,light-8-accuracy,macro avg-precision,macro avg-recall,macro avg-f1-score,macro avg-support,weighted avg-precision,weighted avg-recall,weighted avg-f1-score,weighted avg-support
195.0984160900116,0.5541824218389745,0.5234444751331426,0.34606446385562734,0.47474747474747475,0.5750994187825023,0.5201272651819062,3269.0,0.47474747474747475,0.5178571428571429,0.45132743362831856,0.4823088211315833,3277.0,0.5178571428571429,0.6537555613713687,0.6245,0.638792993223373,4000.0,0.6537555613713687,0.6666666666666666,0.2033898305084746,0.3116883116883117,59.0,0.6666666666666666,0.53125,0.29310344827586204,0.3777777777777777,58.0,0.53125,0.8867924528301887,0.7704918032786885,0.8245614035087719,61.0,0.8867924528301887,0.7868852459016393,0.7868852459016393,0.7868852459016392,61.0,0.7868852459016393,0.6666666666666666,0.4827586206896552,0.56,58.0,0.6666666666666666,0.6480776513801434,0.5234444751331426,0.5627677273016705,10843.0,0.5602597470442192,0.5541824218389745,0.55400470134982,10843.0
