runtime,accuracy,balanced_accuracy,mcc,light-1-precision,light-1-recall,light-1-f1-score,light-1-support,light-1-accuracy,light-2-precision,light-2-recall,light-2-f1-score,light-2-support,light-2-accuracy,light-3-precision,light-3-recall,light-3-f1-score,light-3-support,light-3-accuracy,light-4-precision,light-4-recall,light-4-f1-score,light-4-support,light-4-accuracy,light-5-precision,light-5-recall,light-5-f1-score,light-5-support,light-5-accuracy,light-6-precision,light-6-recall,light-6-f1-score,light-6-support,light-6-accuracy,light-7-precision,light-7-recall,light-7-f1-score,light-7-support,light-7-accuracy,light-8-precision,light-8-recall,light-8-f1-score,light-8-support,light-8-accuracy,macro avg-precision,macro avg-recall,macro avg-f1-score,macro avg-support,weighted avg-precision,weighted avg-recall,weighted avg-f1-score,weighted avg-support
336.5529055595398,0.7020197362353592,0.6507744742150643,0.5625743488201476,0.6222161121803684,0.6922606301621291,0.6553721401679699,3269.0,0.6222161121803684,0.6686046511627907,0.5965822398535245,0.6305434607321398,3277.0,0.6686046511627907,0.7938629052214798,0.802,0.79791070762343,4000.0,0.7938629052214798,0.5098039215686274,0.4406779661016949,0.4727272727272727,59.0,0.5098039215686274,0.6756756756756757,0.43103448275862066,0.5263157894736842,58.0,0.6756756756756757,0.9074074074074074,0.8032786885245902,0.8521739130434782,61.0,0.9074074074074074,0.9090909090909091,0.819672131147541,0.8620689655172413,61.0,0.9090909090909091,0.8181818181818182,0.6206896551724138,0.7058823529411765,58.0,0.8181818181818182,0.7381054250611345,0.6507744742150643,0.6878743252782991,10843.0,0.7034973805023232,0.7020197362353592,0.7013070639551057,10843.0
