runtime,accuracy,balanced_accuracy,mcc,light-1-precision,light-1-recall,light-1-f1-score,light-1-support,light-1-accuracy,light-2-precision,light-2-recall,light-2-f1-score,light-2-support,light-2-accuracy,light-3-precision,light-3-recall,light-3-f1-score,light-3-support,light-3-accuracy,light-4-precision,light-4-recall,light-4-f1-score,light-4-support,light-4-accuracy,light-5-precision,light-5-recall,light-5-f1-score,light-5-support,light-5-accuracy,light-6-precision,light-6-recall,light-6-f1-score,light-6-support,light-6-accuracy,light-7-precision,light-7-recall,light-7-f1-score,light-7-support,light-7-accuracy,light-8-precision,light-8-recall,light-8-f1-score,light-8-support,light-8-accuracy,macro avg-precision,macro avg-recall,macro avg-f1-score,macro avg-support,weighted avg-precision,weighted avg-recall,weighted avg-f1-score,weighted avg-support
314.4899353981018,0.8550216729687355,0.7843040763613489,0.7869535246543168,0.8248043347381095,0.838176812480881,0.8314368077681688,3269.0,0.8248043347381095,0.8578399479505531,0.8046994202014037,0.8304204062352386,3277.0,0.8578399479505531,0.8761927480916031,0.91825,0.8967285156250001,4000.0,0.8761927480916031,0.8297872340425532,0.6610169491525424,0.7358490566037736,59.0,0.8297872340425532,0.7857142857142857,0.5689655172413793,0.66,58.0,0.7857142857142857,0.9074074074074074,0.8032786885245902,0.8521739130434782,61.0,0.9074074074074074,0.8524590163934426,0.8524590163934426,0.8524590163934426,61.0,0.8524590163934426,0.9411764705882353,0.8275862068965517,0.8807339449541284,58.0,0.9411764705882353,0.8594226806157736,0.7843040763613489,0.8174752075779037,10843.0,0.8548064958577114,0.8550216729687355,0.8542773153342834,10843.0
