runtime,accuracy,balanced_accuracy,mcc,light-1-precision,light-1-recall,light-1-f1-score,light-1-support,light-1-accuracy,light-2-precision,light-2-recall,light-2-f1-score,light-2-support,light-2-accuracy,light-3-precision,light-3-recall,light-3-f1-score,light-3-support,light-3-accuracy,light-4-precision,light-4-recall,light-4-f1-score,light-4-support,light-4-accuracy,light-5-precision,light-5-recall,light-5-f1-score,light-5-support,light-5-accuracy,light-6-precision,light-6-recall,light-6-f1-score,light-6-support,light-6-accuracy,light-7-precision,light-7-recall,light-7-f1-score,light-7-support,light-7-accuracy,light-8-precision,light-8-recall,light-8-f1-score,light-8-support,light-8-accuracy,macro avg-precision,macro avg-recall,macro avg-f1-score,macro avg-support,weighted avg-precision,weighted avg-recall,weighted avg-f1-score,weighted avg-support
232.77217841148376,0.7567093977681454,0.7071032706962259,0.6450452606653693,0.689375506893755,0.780055062710309,0.7319173363949484,3269.0,0.689375506893755,0.8116591928251121,0.6075678974671956,0.6949389179755673,3277.0,0.8116591928251121,0.7763571108120233,0.86525,0.8183967841097186,4000.0,0.7763571108120233,1.0,0.4067796610169492,0.5783132530120482,59.0,1.0,0.7073170731707317,0.5,0.5858585858585859,58.0,0.7073170731707317,0.8870967741935484,0.9016393442622951,0.8943089430894309,61.0,0.8870967741935484,0.9615384615384616,0.819672131147541,0.8849557522123893,61.0,0.9615384615384616,0.8333333333333334,0.7758620689655172,0.8035714285714286,58.0,0.8333333333333334,0.8333346815958707,0.7071032706962259,0.7490326251530146,10843.0,0.76361971992332,0.7567093977681454,0.7531847562941951,10843.0
