runtime,accuracy,balanced_accuracy,mcc,light-1-precision,light-1-recall,light-1-f1-score,light-1-support,light-1-accuracy,light-2-precision,light-2-recall,light-2-f1-score,light-2-support,light-2-accuracy,light-3-precision,light-3-recall,light-3-f1-score,light-3-support,light-3-accuracy,light-4-precision,light-4-recall,light-4-f1-score,light-4-support,light-4-accuracy,light-5-precision,light-5-recall,light-5-f1-score,light-5-support,light-5-accuracy,light-6-precision,light-6-recall,light-6-f1-score,light-6-support,light-6-accuracy,light-7-precision,light-7-recall,light-7-f1-score,light-7-support,light-7-accuracy,light-8-precision,light-8-recall,light-8-f1-score,light-8-support,light-8-accuracy,macro avg-precision,macro avg-recall,macro avg-f1-score,macro avg-support,weighted avg-precision,weighted avg-recall,weighted avg-f1-score,weighted avg-support
323.5800771713257,0.9320090918074908,0.8504776268326152,0.9007989049970005,0.9257262653489069,0.9458384332925337,0.9356742848494022,3268.0,0.9257262653489069,0.9293725371324644,0.9356118400976503,0.9324817518248175,3277.0,0.9293725371324644,0.9454998442852693,0.9264571254195911,0.935881627620222,3277.0,0.9454998442852693,0.86,0.7288135593220338,0.7889908256880733,59.0,0.86,0.7592592592592593,0.7068965517241379,0.7321428571428572,58.0,0.7592592592592593,0.9333333333333333,0.9180327868852459,0.9256198347107439,61.0,0.9333333333333333,0.9491525423728814,0.9180327868852459,0.9333333333333333,61.0,0.9491525423728814,0.8936170212765957,0.7241379310344828,0.7999999999999999,58.0,0.8936170212765957,0.8994951003760887,0.8504776268326152,0.8730155643961812,10119.0,0.9319763506033502,0.9320090918074908,0.9318333081341844,10119.0
