runtime,accuracy,balanced_accuracy,mcc,light-1-precision,light-1-recall,light-1-f1-score,light-1-support,light-1-accuracy,light-2-precision,light-2-recall,light-2-f1-score,light-2-support,light-2-accuracy,light-3-precision,light-3-recall,light-3-f1-score,light-3-support,light-3-accuracy,light-4-precision,light-4-recall,light-4-f1-score,light-4-support,light-4-accuracy,light-5-precision,light-5-recall,light-5-f1-score,light-5-support,light-5-accuracy,light-6-precision,light-6-recall,light-6-f1-score,light-6-support,light-6-accuracy,light-7-precision,light-7-recall,light-7-f1-score,light-7-support,light-7-accuracy,light-8-precision,light-8-recall,light-8-f1-score,light-8-support,light-8-accuracy,macro avg-precision,macro avg-recall,macro avg-f1-score,macro avg-support,weighted avg-precision,weighted avg-recall,weighted avg-f1-score,weighted avg-support
334.22674655914307,0.8986442866365397,0.7838856523368312,0.8509822402744,0.9011663597298957,0.8981339859284184,0.8996476175884787,3269.0,0.9011663597298957,0.9015639374425023,0.8971620384498017,0.8993576017130621,3277.0,0.9015639374425023,0.898942709613966,0.914,0.9064088260815669,4000.0,0.898942709613966,0.7735849056603774,0.6949152542372882,0.7321428571428573,59.0,0.7735849056603774,0.6595744680851063,0.5344827586206896,0.5904761904761905,58.0,0.6595744680851063,0.9230769230769231,0.7868852459016393,0.8495575221238939,61.0,0.9230769230769231,0.9056603773584906,0.7868852459016393,0.8421052631578947,61.0,0.9056603773584906,0.8461538461538461,0.7586206896551724,0.8,58.0,0.8461538461538461,0.8512154408901385,0.7838856523368312,0.814961984785493,10843.0,0.8983339867562808,0.8986442866365397,0.8983504292684632,10843.0
