runtime,accuracy,balanced_accuracy,mcc,light-1-precision,light-1-recall,light-1-f1-score,light-1-support,light-1-accuracy,light-2-precision,light-2-recall,light-2-f1-score,light-2-support,light-2-accuracy,light-3-precision,light-3-recall,light-3-f1-score,light-3-support,light-3-accuracy,light-4-precision,light-4-recall,light-4-f1-score,light-4-support,light-4-accuracy,light-5-precision,light-5-recall,light-5-f1-score,light-5-support,light-5-accuracy,light-6-precision,light-6-recall,light-6-f1-score,light-6-support,light-6-accuracy,light-7-precision,light-7-recall,light-7-f1-score,light-7-support,light-7-accuracy,light-8-precision,light-8-recall,light-8-f1-score,light-8-support,light-8-accuracy,macro avg-precision,macro avg-recall,macro avg-f1-score,macro avg-support,weighted avg-precision,weighted avg-recall,weighted avg-f1-score,weighted avg-support
421.92785835266113,0.8884072673614314,0.8022501496380412,0.8359053727974224,0.8897807965421426,0.8816151728357295,0.8856791641057159,3269.0,0.8897807965421426,0.8778857837181046,0.8819041806530363,0.8798903942761456,3277.0,0.8778857837181046,0.8960591133004926,0.9095,0.90272952853598,4000.0,0.8960591133004926,0.8809523809523809,0.6271186440677966,0.7326732673267327,59.0,0.8809523809523809,0.7254901960784313,0.6379310344827587,0.6788990825688075,58.0,0.7254901960784313,0.9285714285714286,0.8524590163934426,0.888888888888889,61.0,0.9285714285714286,0.9137931034482759,0.8688524590163934,0.8907563025210085,61.0,0.9137931034482759,0.9777777777777777,0.7586206896551724,0.854368932038835,58.0,0.9777777777777777,0.8862888225486293,0.8022501496380412,0.8392356950327642,10843.0,0.8883991109246072,0.8884072673614314,0.8881600800464778,10843.0
