runtime,accuracy,balanced_accuracy,mcc,light-1-precision,light-1-recall,light-1-f1-score,light-1-support,light-1-accuracy,light-2-precision,light-2-recall,light-2-f1-score,light-2-support,light-2-accuracy,light-3-precision,light-3-recall,light-3-f1-score,light-3-support,light-3-accuracy,light-4-precision,light-4-recall,light-4-f1-score,light-4-support,light-4-accuracy,light-5-precision,light-5-recall,light-5-f1-score,light-5-support,light-5-accuracy,light-6-precision,light-6-recall,light-6-f1-score,light-6-support,light-6-accuracy,light-7-precision,light-7-recall,light-7-f1-score,light-7-support,light-7-accuracy,light-8-precision,light-8-recall,light-8-f1-score,light-8-support,light-8-accuracy,macro avg-precision,macro avg-recall,macro avg-f1-score,macro avg-support,weighted avg-precision,weighted avg-recall,weighted avg-f1-score,weighted avg-support
374.1144349575043,0.8027298718066955,0.7499677440246627,0.7101074458319167,0.7658114558472554,0.7852554297950444,0.7754115692493581,3269.0,0.7658114558472554,0.7911595131326074,0.7537381751602075,0.7719956243162994,3277.0,0.7911595131326074,0.8415793321959542,0.86325,0.8522769344687153,4000.0,0.8415793321959542,0.5535714285714286,0.5254237288135594,0.5391304347826087,59.0,0.5535714285714286,0.6938775510204082,0.5862068965517241,0.6355140186915887,58.0,0.6938775510204082,0.9591836734693877,0.7704918032786885,0.8545454545454545,61.0,0.9591836734693877,0.8793103448275862,0.8360655737704918,0.8571428571428572,61.0,0.8793103448275862,0.9444444444444444,0.8793103448275862,0.9107142857142858,58.0,0.9444444444444444,0.803617217938634,0.7499677440246627,0.7745913973638959,10843.0,0.8025653626877102,0.8027298718066955,0.8023296820950132,10843.0
