runtime,accuracy,balanced_accuracy,mcc,light-1-precision,light-1-recall,light-1-f1-score,light-1-support,light-1-accuracy,light-2-precision,light-2-recall,light-2-f1-score,light-2-support,light-2-accuracy,light-3-precision,light-3-recall,light-3-f1-score,light-3-support,light-3-accuracy,light-4-precision,light-4-recall,light-4-f1-score,light-4-support,light-4-accuracy,light-5-precision,light-5-recall,light-5-f1-score,light-5-support,light-5-accuracy,light-6-precision,light-6-recall,light-6-f1-score,light-6-support,light-6-accuracy,light-7-precision,light-7-recall,light-7-f1-score,light-7-support,light-7-accuracy,light-8-precision,light-8-recall,light-8-f1-score,light-8-support,light-8-accuracy,macro avg-precision,macro avg-recall,macro avg-f1-score,macro avg-support,weighted avg-precision,weighted avg-recall,weighted avg-f1-score,weighted avg-support
171.59309029579163,0.598173937102278,0.5390404267618539,0.4097322367174316,0.5001300390117035,0.5882532884674212,0.5406241214506606,3269.0,0.5001300390117035,0.641139804096171,0.4394263045468416,0.5214557305812059,3277.0,0.641139804096171,0.6532541776605101,0.74275,0.6951333645297145,4000.0,0.6532541776605101,0.6571428571428571,0.3898305084745763,0.4893617021276596,59.0,0.6571428571428571,0.42424242424242425,0.2413793103448276,0.3076923076923077,58.0,0.42424242424242425,0.9534883720930233,0.6721311475409836,0.7884615384615384,61.0,0.9534883720930233,0.8979591836734694,0.7213114754098361,0.8,61.0,0.8979591836734694,0.6818181818181818,0.5172413793103449,0.5882352941176471,58.0,0.6818181818181818,0.6761468799672925,0.5390404267618539,0.5913705073700918,10843.0,0.6054429761891683,0.598173937102278,0.5934129332686843,10843.0
