Device,Accuracy,F1,Precision,Recall
cam-1,0.34886572654813,0.32767060178520013,0.30890336590662326,0.34886572654813
cam-2,0.33526725095667204,0.3371190963818036,0.33899151273090367,0.33526725095667204
cam-3,0.32912489169451664,0.33316626989099113,0.33730813142204746,0.32912489169451664
cam-4,0.3353997975708502,0.3513585155732273,0.36891177289173394,0.3353997975708502
cam-5,0.3193008370260955,0.32255657796568016,0.32587939698492463,0.3193008370260955
cam-6,0.33217950302880456,0.3321384425216316,0.332097392164133,0.33217950302880456
cam-7,0.33287841191066997,0.3324041380164777,0.3319312136582952,0.33287841191066997
cam-8,0.33692789968652037,0.3351000810625429,0.3332919870999752,0.33692789968652037
