Device,Accuracy,F1,Precision,Recall
light-1,0.9284184765983481,0.939919479715082,0.9517089996864221,0.9284184765983481
light-2,0.9081476960634727,0.9311639549436797,0.9553772070626003,0.9081476960634727
light-3,0.9667042889390519,0.9429357798165138,0.9203080229226361,0.9667042889390519
light-4,0.711864406779661,0.7850467289719627,0.875,0.711864406779661
light-5,0.7931034482758621,0.7863247863247863,0.7796610169491526,0.7931034482758621
light-6,0.8688524590163934,0.9137931034482758,0.9636363636363636,0.8688524590163934
light-7,0.9344262295081968,0.9193548387096775,0.9047619047619048,0.9344262295081968
light-8,0.7241379310344828,0.8076923076923076,0.9130434782608695,0.7241379310344828
