runtime,accuracy,balanced_accuracy,mcc,light-1-precision,light-1-recall,light-1-f1-score,light-1-support,light-1-accuracy,light-2-precision,light-2-recall,light-2-f1-score,light-2-support,light-2-accuracy,light-3-precision,light-3-recall,light-3-f1-score,light-3-support,light-3-accuracy,light-4-precision,light-4-recall,light-4-f1-score,light-4-support,light-4-accuracy,light-5-precision,light-5-recall,light-5-f1-score,light-5-support,light-5-accuracy,light-6-precision,light-6-recall,light-6-f1-score,light-6-support,light-6-accuracy,light-7-precision,light-7-recall,light-7-f1-score,light-7-support,light-7-accuracy,light-8-precision,light-8-recall,light-8-f1-score,light-8-support,light-8-accuracy,macro avg-precision,macro avg-recall,macro avg-f1-score,macro avg-support,weighted avg-precision,weighted avg-recall,weighted avg-f1-score,weighted avg-support
217.94477939605713,0.5801899843216822,0.5467229660072249,0.3850367328579863,0.47933284989122554,0.6066075252370755,0.5355117472319741,3269.0,0.47933284989122554,0.6010770505385252,0.44278303326213,0.5099279564224213,3277.0,0.6010770505385252,0.6604651162790698,0.6745,0.6674087816944959,4000.0,0.6604651162790698,0.5263157894736842,0.3389830508474576,0.41237113402061853,59.0,0.5263157894736842,0.6538461538461539,0.29310344827586204,0.40476190476190477,58.0,0.6538461538461539,0.7727272727272727,0.8360655737704918,0.8031496062992125,61.0,0.7727272727272727,0.9433962264150944,0.819672131147541,0.8771929824561403,61.0,0.9433962264150944,0.875,0.3620689655172414,0.5121951219512195,58.0,0.875,0.6890200573963783,0.5467229660072249,0.5903149043547484,10843.0,0.5905135375795584,0.5801899843216822,0.5783704919345417,10843.0
