runtime,accuracy,balanced_accuracy,mcc,light-1-precision,light-1-recall,light-1-f1-score,light-1-support,light-1-accuracy,light-2-precision,light-2-recall,light-2-f1-score,light-2-support,light-2-accuracy,light-3-precision,light-3-recall,light-3-f1-score,light-3-support,light-3-accuracy,light-4-precision,light-4-recall,light-4-f1-score,light-4-support,light-4-accuracy,light-5-precision,light-5-recall,light-5-f1-score,light-5-support,light-5-accuracy,light-6-precision,light-6-recall,light-6-f1-score,light-6-support,light-6-accuracy,light-7-precision,light-7-recall,light-7-f1-score,light-7-support,light-7-accuracy,light-8-precision,light-8-recall,light-8-f1-score,light-8-support,light-8-accuracy,macro avg-precision,macro avg-recall,macro avg-f1-score,macro avg-support,weighted avg-precision,weighted avg-recall,weighted avg-f1-score,weighted avg-support
200.34056758880615,0.6920593931568754,0.6839900112340732,0.5468543921026616,0.6120300751879699,0.6225145304374426,0.6172277828328784,3269.0,0.6120300751879699,0.6549784981806153,0.6042111687519073,0.6285714285714286,3277.0,0.6549784981806153,0.7747641509433962,0.82125,0.7973300970873787,4000.0,0.7747641509433962,0.7272727272727273,0.5423728813559322,0.6213592233009708,59.0,0.7272727272727273,0.660377358490566,0.603448275862069,0.6306306306306305,58.0,0.660377358490566,0.8928571428571429,0.819672131147541,0.8547008547008548,61.0,0.8928571428571429,0.9245283018867925,0.8032786885245902,0.8596491228070176,61.0,0.9245283018867925,0.7755102040816326,0.6551724137931034,0.7102803738317757,58.0,0.7755102040816326,0.7527898073626054,0.6839900112340732,0.7149686892203668,10843.0,0.6901409701898545,0.6920593931568754,0.6903878043825806,10843.0
