runtime,accuracy,balanced_accuracy,mcc,cam-1-precision,cam-1-recall,cam-1-f1-score,cam-1-support,cam-1-accuracy,cam-2-precision,cam-2-recall,cam-2-f1-score,cam-2-support,cam-2-accuracy,cam-3-precision,cam-3-recall,cam-3-f1-score,cam-3-support,cam-3-accuracy,cam-4-precision,cam-4-recall,cam-4-f1-score,cam-4-support,cam-4-accuracy,cam-5-precision,cam-5-recall,cam-5-f1-score,cam-5-support,cam-5-accuracy,cam-6-precision,cam-6-recall,cam-6-f1-score,cam-6-support,cam-6-accuracy,cam-7-precision,cam-7-recall,cam-7-f1-score,cam-7-support,cam-7-accuracy,cam-8-precision,cam-8-recall,cam-8-f1-score,cam-8-support,cam-8-accuracy,macro avg-precision,macro avg-recall,macro avg-f1-score,macro avg-support,weighted avg-precision,weighted avg-recall,weighted avg-f1-score,weighted avg-support
324.43856930732727,0.43648086833130023,0.4364831806254411,0.3576202266431411,0.840703011306392,0.9971453229768307,0.9122657839594279,15063.0,0.9971453229768307,0.40193599023284204,0.305981544181106,0.3474557105163965,15063.0,0.305981544181106,0.3238515751040163,0.5064064263426941,0.39505917083149905,15063.0,0.5064064263426941,0.38528247874042265,0.3037907455354179,0.33971789161098737,15063.0,0.3037907455354179,0.3852350857698451,0.36822889006903875,0.3765400672029324,15064.0,0.36822889006903875,0.3518317935648296,0.3665693043016463,0.35904938392015345,15064.0,0.3665693043016463,0.3756454388984509,0.34773949412467636,0.3611542041576172,15063.0,0.34773949412467636,0.38094831268688595,0.29600371747211895,0.3331465501139378,15064.0,0.29600371747211895,0.43067921078796056,0.4364831806254411,0.4280485952891189,120507.0,0.43067776670221997,0.43648086833130023,0.42804680775989135,120507.0
