runtime,accuracy,balanced_accuracy,mcc,light-1-precision,light-1-recall,light-1-f1-score,light-1-support,light-1-accuracy,light-2-precision,light-2-recall,light-2-f1-score,light-2-support,light-2-accuracy,light-3-precision,light-3-recall,light-3-f1-score,light-3-support,light-3-accuracy,light-4-precision,light-4-recall,light-4-f1-score,light-4-support,light-4-accuracy,light-5-precision,light-5-recall,light-5-f1-score,light-5-support,light-5-accuracy,light-6-precision,light-6-recall,light-6-f1-score,light-6-support,light-6-accuracy,light-7-precision,light-7-recall,light-7-f1-score,light-7-support,light-7-accuracy,light-8-precision,light-8-recall,light-8-f1-score,light-8-support,light-8-accuracy,macro avg-precision,macro avg-recall,macro avg-f1-score,macro avg-support,weighted avg-precision,weighted avg-recall,weighted avg-f1-score,weighted avg-support
300.50697660446167,0.9265885824956193,0.8444634169462788,0.8922110984538671,0.9342389626427909,0.9256653410829,0.9299323909035033,3269.0,0.9342389626427909,0.9261992619926199,0.9191333536771438,0.9226527799050391,3277.0,0.9261992619926199,0.9281672816728167,0.94325,0.9356478611283323,4000.0,0.9281672816728167,0.8936170212765957,0.711864406779661,0.7924528301886792,59.0,0.8936170212765957,0.6949152542372882,0.7068965517241379,0.7008547008547009,58.0,0.6949152542372882,0.9107142857142857,0.8360655737704918,0.8717948717948717,61.0,0.9107142857142857,0.8571428571428571,0.8852459016393442,0.8709677419354839,61.0,0.8571428571428571,0.7741935483870968,0.8275862068965517,0.7999999999999999,58.0,0.7741935483870968,0.8648985591332938,0.8444634169462788,0.8530378970888263,10843.0,0.9266459722993807,0.9265885824956193,0.9265135478367565,10843.0
