runtime,accuracy,balanced_accuracy,mcc,light-1-precision,light-1-recall,light-1-f1-score,light-1-support,light-1-accuracy,light-2-precision,light-2-recall,light-2-f1-score,light-2-support,light-2-accuracy,light-3-precision,light-3-recall,light-3-f1-score,light-3-support,light-3-accuracy,light-4-precision,light-4-recall,light-4-f1-score,light-4-support,light-4-accuracy,light-5-precision,light-5-recall,light-5-f1-score,light-5-support,light-5-accuracy,light-6-precision,light-6-recall,light-6-f1-score,light-6-support,light-6-accuracy,light-7-precision,light-7-recall,light-7-f1-score,light-7-support,light-7-accuracy,light-8-precision,light-8-recall,light-8-f1-score,light-8-support,light-8-accuracy,macro avg-precision,macro avg-recall,macro avg-f1-score,macro avg-support,weighted avg-precision,weighted avg-recall,weighted avg-f1-score,weighted avg-support
342.37368059158325,0.9183805219957576,0.8137608849804758,0.8800580369122649,0.9139654650106028,0.9229122055674518,0.9184170471841704,3269.0,0.9139654650106028,0.938588160810383,0.9047909673481843,0.9213797389683033,3277.0,0.938588160810383,0.9080571013791435,0.93825,0.9229066765031353,4000.0,0.9080571013791435,0.8409090909090909,0.6271186440677966,0.7184466019417475,59.0,0.8409090909090909,0.8372093023255814,0.6206896551724138,0.7128712871287128,58.0,0.8372093023255814,0.9807692307692307,0.8360655737704918,0.9026548672566372,61.0,0.9807692307692307,0.9166666666666666,0.9016393442622951,0.9090909090909091,61.0,0.9166666666666666,0.8627450980392157,0.7586206896551724,0.8073394495412843,58.0,0.8627450980392157,0.8998637644887393,0.8137608849804758,0.8516383222018624,10843.0,0.9185363363405188,0.9183805219957576,0.9180457901369867,10843.0
