runtime,accuracy,balanced_accuracy,mcc,light-1-precision,light-1-recall,light-1-f1-score,light-1-support,light-1-accuracy,light-2-precision,light-2-recall,light-2-f1-score,light-2-support,light-2-accuracy,light-3-precision,light-3-recall,light-3-f1-score,light-3-support,light-3-accuracy,light-4-precision,light-4-recall,light-4-f1-score,light-4-support,light-4-accuracy,light-5-precision,light-5-recall,light-5-f1-score,light-5-support,light-5-accuracy,light-6-precision,light-6-recall,light-6-f1-score,light-6-support,light-6-accuracy,light-7-precision,light-7-recall,light-7-f1-score,light-7-support,light-7-accuracy,light-8-precision,light-8-recall,light-8-f1-score,light-8-support,light-8-accuracy,macro avg-precision,macro avg-recall,macro avg-f1-score,macro avg-support,weighted avg-precision,weighted avg-recall,weighted avg-f1-score,weighted avg-support
424.4675006866455,0.9353565260301011,0.8516944834125764,0.9026038880278009,0.9489827856025039,0.9275007647598654,0.9381188118811882,3269.0,0.9489827856025039,0.9599217986314761,0.8989929813854135,0.9284588717302237,3277.0,0.9599217986314761,0.9169482482660501,0.9699021820917983,0.9426821464484871,5316.0,0.9169482482660501,0.8837209302325582,0.6440677966101694,0.7450980392156863,59.0,0.8837209302325582,0.7540983606557377,0.7931034482758621,0.7731092436974789,58.0,0.7540983606557377,0.9016393442622951,0.9016393442622951,0.9016393442622952,61.0,0.9016393442622951,0.9152542372881356,0.8852459016393442,0.9,61.0,0.9152542372881356,0.9583333333333334,0.7931034482758621,0.8679245283018867,58.0,0.9583333333333334,0.9048623797840112,0.8516944834125764,0.8746288731921558,12159.0,0.9363168377039165,0.9353565260301011,0.9350776504901221,12159.0
