runtime,accuracy,balanced_accuracy,mcc,light-1-precision,light-1-recall,light-1-f1-score,light-1-support,light-1-accuracy,light-2-precision,light-2-recall,light-2-f1-score,light-2-support,light-2-accuracy,light-3-precision,light-3-recall,light-3-f1-score,light-3-support,light-3-accuracy,light-4-precision,light-4-recall,light-4-f1-score,light-4-support,light-4-accuracy,light-5-precision,light-5-recall,light-5-f1-score,light-5-support,light-5-accuracy,light-6-precision,light-6-recall,light-6-f1-score,light-6-support,light-6-accuracy,light-7-precision,light-7-recall,light-7-f1-score,light-7-support,light-7-accuracy,light-8-precision,light-8-recall,light-8-f1-score,light-8-support,light-8-accuracy,macro avg-precision,macro avg-recall,macro avg-f1-score,macro avg-support,weighted avg-precision,weighted avg-recall,weighted avg-f1-score,weighted avg-support
185.58859038352966,0.5750253619846906,0.584067311171477,0.380803907782982,0.46994914470642624,0.6219027225451208,0.5353522053982882,3269.0,0.46994914470642624,0.5401869158878505,0.44095209032651816,0.48555107526881724,3277.0,0.5401869158878505,0.7136929460580913,0.645,0.6776099803020355,4000.0,0.7136929460580913,0.7,0.4745762711864407,0.5656565656565656,59.0,0.7,0.696969696969697,0.39655172413793105,0.5054945054945056,58.0,0.696969696969697,0.8275862068965517,0.7868852459016393,0.8067226890756303,61.0,0.8275862068965517,0.8653846153846154,0.7377049180327869,0.7964601769911505,61.0,0.8653846153846154,0.75,0.5689655172413793,0.6470588235294117,58.0,0.75,0.6954711907379041,0.584067311171477,0.6274882527145506,10843.0,0.5892948007217147,0.5750253619846906,0.5763785981368863,10843.0
