runtime,accuracy,balanced_accuracy,mcc,light-1-precision,light-1-recall,light-1-f1-score,light-1-support,light-1-accuracy,light-2-precision,light-2-recall,light-2-f1-score,light-2-support,light-2-accuracy,light-3-precision,light-3-recall,light-3-f1-score,light-3-support,light-3-accuracy,light-4-precision,light-4-recall,light-4-f1-score,light-4-support,light-4-accuracy,light-5-precision,light-5-recall,light-5-f1-score,light-5-support,light-5-accuracy,light-6-precision,light-6-recall,light-6-f1-score,light-6-support,light-6-accuracy,light-7-precision,light-7-recall,light-7-f1-score,light-7-support,light-7-accuracy,light-8-precision,light-8-recall,light-8-f1-score,light-8-support,light-8-accuracy,macro avg-precision,macro avg-recall,macro avg-f1-score,macro avg-support,weighted avg-precision,weighted avg-recall,weighted avg-f1-score,weighted avg-support
235.62899112701416,0.713271234898091,0.6599713074102791,0.5807394696067593,0.6600678733031674,0.7139798103395534,0.685966201322557,3269.0,0.6600678733031674,0.66090961427749,0.7006408300274641,0.6801955265886536,3277.0,0.66090961427749,0.8105029174770769,0.72925,0.7677325963942624,4000.0,0.8105029174770769,0.660377358490566,0.5932203389830508,0.625,59.0,0.660377358490566,0.6122448979591837,0.5172413793103449,0.5607476635514018,58.0,0.6122448979591837,0.9166666666666666,0.7213114754098361,0.8073394495412843,61.0,0.9166666666666666,0.9411764705882353,0.7868852459016393,0.8571428571428571,61.0,0.9411764705882353,0.9090909090909091,0.5172413793103449,0.6593406593406593,58.0,0.9090909090909091,0.7713795884816619,0.6599713074102791,0.7054331192352095,10843.0,0.7199209191234986,0.713271234898091,0.7148877784531014,10843.0
