runtime,accuracy,balanced_accuracy,mcc,light-1-precision,light-1-recall,light-1-f1-score,light-1-support,light-1-accuracy,light-2-precision,light-2-recall,light-2-f1-score,light-2-support,light-2-accuracy,light-3-precision,light-3-recall,light-3-f1-score,light-3-support,light-3-accuracy,light-4-precision,light-4-recall,light-4-f1-score,light-4-support,light-4-accuracy,light-5-precision,light-5-recall,light-5-f1-score,light-5-support,light-5-accuracy,light-6-precision,light-6-recall,light-6-f1-score,light-6-support,light-6-accuracy,light-7-precision,light-7-recall,light-7-f1-score,light-7-support,light-7-accuracy,light-8-precision,light-8-recall,light-8-f1-score,light-8-support,light-8-accuracy,macro avg-precision,macro avg-recall,macro avg-f1-score,macro avg-support,weighted avg-precision,weighted avg-recall,weighted avg-f1-score,weighted avg-support
281.3482897281647,0.9308309508438624,0.8393021015045428,0.8983931635680515,0.9334750911300121,0.9400428265524625,0.9367474470355129,3269.0,0.9334750911300121,0.9271380055572708,0.9163869392737259,0.921731123388582,3277.0,0.9271380055572708,0.9366336633663367,0.946,0.9412935323383085,4000.0,0.9366336633663367,0.7884615384615384,0.6949152542372882,0.7387387387387386,59.0,0.7884615384615384,0.803921568627451,0.7068965517241379,0.7522935779816514,58.0,0.803921568627451,0.8983050847457628,0.8688524590163934,0.8833333333333333,61.0,0.8983050847457628,0.8769230769230769,0.9344262295081968,0.9047619047619049,61.0,0.8769230769230769,0.9111111111111111,0.7068965517241379,0.7961165048543689,58.0,0.9111111111111111,0.8844961424903199,0.8393021015045428,0.85937702030405,10843.0,0.9306073978268375,0.9308309508438624,0.9305894683178636,10843.0
