runtime,accuracy,balanced_accuracy,mcc,light-1-precision,light-1-recall,light-1-f1-score,light-1-support,light-1-accuracy,light-2-precision,light-2-recall,light-2-f1-score,light-2-support,light-2-accuracy,light-3-precision,light-3-recall,light-3-f1-score,light-3-support,light-3-accuracy,light-4-precision,light-4-recall,light-4-f1-score,light-4-support,light-4-accuracy,light-5-precision,light-5-recall,light-5-f1-score,light-5-support,light-5-accuracy,light-6-precision,light-6-recall,light-6-f1-score,light-6-support,light-6-accuracy,light-7-precision,light-7-recall,light-7-f1-score,light-7-support,light-7-accuracy,light-8-precision,light-8-recall,light-8-f1-score,light-8-support,light-8-accuracy,macro avg-precision,macro avg-recall,macro avg-f1-score,macro avg-support,weighted avg-precision,weighted avg-recall,weighted avg-f1-score,weighted avg-support
450.50086522102356,0.8511482062159919,0.7648607585757777,0.7817712101224673,0.8103699388290125,0.8510247782196391,0.8301999403163235,3269.0,0.8103699388290125,0.8410054512416717,0.8474214220323466,0.8442012463900289,3277.0,0.8410054512416717,0.8977154724818276,0.8645,0.8807947019867549,4000.0,0.8977154724818276,0.7441860465116279,0.5423728813559322,0.6274509803921569,59.0,0.7441860465116279,0.7083333333333334,0.5862068965517241,0.6415094339622641,58.0,0.7083333333333334,0.9272727272727272,0.8360655737704918,0.8793103448275862,61.0,0.9272727272727272,0.859375,0.9016393442622951,0.88,61.0,0.859375,0.8695652173913043,0.6896551724137931,0.7692307692307693,58.0,0.8695652173913043,0.8322278983826881,0.7648607585757777,0.7940871771382355,10843.0,0.8521946590176299,0.8511482062159919,0.8512137201811327,10843.0
