runtime,accuracy,balanced_accuracy,mcc,light-1-precision,light-1-recall,light-1-f1-score,light-1-support,light-1-accuracy,light-2-precision,light-2-recall,light-2-f1-score,light-2-support,light-2-accuracy,light-3-precision,light-3-recall,light-3-f1-score,light-3-support,light-3-accuracy,light-4-precision,light-4-recall,light-4-f1-score,light-4-support,light-4-accuracy,light-5-precision,light-5-recall,light-5-f1-score,light-5-support,light-5-accuracy,light-6-precision,light-6-recall,light-6-f1-score,light-6-support,light-6-accuracy,light-7-precision,light-7-recall,light-7-f1-score,light-7-support,light-7-accuracy,light-8-precision,light-8-recall,light-8-f1-score,light-8-support,light-8-accuracy,macro avg-precision,macro avg-recall,macro avg-f1-score,macro avg-support,weighted avg-precision,weighted avg-recall,weighted avg-f1-score,weighted avg-support
350.6950092315674,0.8253250945310339,0.7594934438587015,0.7443037237545748,0.782608695652174,0.8424594677271336,0.8114319387153801,3269.0,0.782608695652174,0.8213058419243986,0.8022581629539213,0.8116702686014201,3277.0,0.8213058419243986,0.8717815344603381,0.838,0.8545570427023581,4000.0,0.8717815344603381,0.7391304347826086,0.576271186440678,0.6476190476190476,59.0,0.7391304347826086,0.5316455696202531,0.7241379310344828,0.6131386861313868,58.0,0.5316455696202531,0.9230769230769231,0.7868852459016393,0.8495575221238939,61.0,0.9230769230769231,0.9310344827586207,0.8852459016393442,0.9075630252100839,61.0,0.9310344827586207,0.8372093023255814,0.6206896551724138,0.7128712871287128,58.0,0.8372093023255814,0.8047240980751122,0.7594934438587015,0.7760511022790355,10843.0,0.8275381612003656,0.8253250945310339,0.8256889333508112,10843.0
