runtime,accuracy,balanced_accuracy,mcc,light-1-precision,light-1-recall,light-1-f1-score,light-1-support,light-1-accuracy,light-2-precision,light-2-recall,light-2-f1-score,light-2-support,light-2-accuracy,light-3-precision,light-3-recall,light-3-f1-score,light-3-support,light-3-accuracy,light-4-precision,light-4-recall,light-4-f1-score,light-4-support,light-4-accuracy,light-5-precision,light-5-recall,light-5-f1-score,light-5-support,light-5-accuracy,light-6-precision,light-6-recall,light-6-f1-score,light-6-support,light-6-accuracy,light-7-precision,light-7-recall,light-7-f1-score,light-7-support,light-7-accuracy,light-8-precision,light-8-recall,light-8-f1-score,light-8-support,light-8-accuracy,macro avg-precision,macro avg-recall,macro avg-f1-score,macro avg-support,weighted avg-precision,weighted avg-recall,weighted avg-f1-score,weighted avg-support
366.73037242889404,0.8703310891819607,0.783854378299588,0.8098006745438251,0.9044943820224719,0.8372591006423983,0.8695790309769658,3269.0,0.9044943820224719,0.8662538699690403,0.8538297223069881,0.8599969263869678,3277.0,0.8662538699690403,0.8529752257467006,0.921,0.8856833754056979,4000.0,0.8529752257467006,0.6896551724137931,0.6779661016949152,0.6837606837606838,59.0,0.6896551724137931,0.7441860465116279,0.5517241379310345,0.6336633663366337,58.0,0.7441860465116279,0.9298245614035088,0.8688524590163934,0.8983050847457625,61.0,0.9298245614035088,0.9444444444444444,0.8360655737704918,0.8869565217391304,61.0,0.9444444444444444,0.75,0.7241379310344828,0.736842105263158,58.0,0.75,0.8352292128139485,0.783854378299588,0.806848386826875,10843.0,0.8714460781087912,0.8703310891819607,0.8699003446783026,10843.0
