{"Fold 0 accuracy on CLDDR Random Noise No Wans": 0.9776648996533337, "Dataset": 1, "Num Samples": 1286575, "_runtime": 1879, "_timestamp": 1645744418, "_step": 23, "Fold 0 precision on CLDDR Random Noise No Wans": 0.9772872229596508, "Fold 0 recall on CLDDR Random Noise No Wans": 0.9776648996533337, "Fold 0 f1 on CLDDR Random Noise No Wans": 0.9765699982782119, "Fold 1 accuracy on CLDDR Random Noise No Wans": 0.9782717680663778, "Fold 1 precision on CLDDR Random Noise No Wans": 0.9782933493733174, "Fold 1 recall on CLDDR Random Noise No Wans": 0.9782717680663778, "Fold 1 f1 on CLDDR Random Noise No Wans": 0.9776580127471307, "Fold 2 accuracy on CLDDR Random Noise No Wans": 0.977992040914673, "Fold 2 precision on CLDDR Random Noise No Wans": 0.9770628923008348, "Fold 2 recall on CLDDR Random Noise No Wans": 0.977992040914673, "Fold 2 f1 on CLDDR Random Noise No Wans": 0.9772920834729867, "Fold 3 accuracy on CLDDR Random Noise No Wans": 0.9772924236830344, "Fold 3 precision on CLDDR Random Noise No Wans": 0.9766630088487299, "Fold 3 recall on CLDDR Random Noise No Wans": 0.9772924236830344, "Fold 3 f1 on CLDDR Random Noise No Wans": 0.976755633817047, "Fold 4 accuracy on CLDDR Random Noise No Wans": 0.9780701924833185, "Fold 4 precision on CLDDR Random Noise No Wans": 0.977747613756365, "Fold 4 recall on CLDDR Random Noise No Wans": 0.9780701924833185, "Fold 4 f1 on CLDDR Random Noise No Wans": 0.976436217754413, "Total accuracy on CLDDR Random Noise No Wans": 0.9778582649601475, "Total precision on CLDDR Random Noise No Wans": 0.9774108174477796, "Total recall on CLDDR Random Noise No Wans": 0.9778582649601475, "Total f1 on CLDDR Random Noise No Wans": 0.9769423892139578, "_wandb": {"runtime": 1883}}